user_id,email,birthday,user_created_at,opening_balance,movement_id,movement_type,movement_value,movement_created_at,movement_updated_at
1,milo58@example.org,1983-04-26,"2021-03-01 05:29:04",91869.707,8,reversal,23344.753,"2021-03-01 05:29:05","2021-03-01 05:29:05"
1,milo58@example.org,1983-04-26,"2021-03-01 05:29:04",91869.707,10,reversal,40621.088,"2021-03-01 05:29:05","2021-03-01 05:29:05"
1,milo58@example.org,1983-04-26,"2021-03-01 05:29:04",91869.707,13,credit,53816.312,"2021-03-01 05:29:05","2021-03-01 05:29:05"
1,milo58@example.org,1983-04-26,"2021-03-01 05:29:04",91869.707,21,debit,96691.361,"2021-03-01 05:29:05","2021-03-01 05:29:05"
1,milo58@example.org,1983-04-26,"2021-03-01 05:29:04",91869.707,26,debit,50372.556,"2021-03-01 05:29:05","2021-03-01 05:29:05"
1,milo58@example.org,1983-04-26,"2021-03-01 05:29:04",91869.707,28,credit,36583.362,"2021-03-01 05:29:05","2021-03-01 05:29:05"
1,milo58@example.org,1983-04-26,"2021-03-01 05:29:04",91869.707,30,credit,4392.306,"2021-03-01 05:29:05","2021-03-01 05:29:05"
1,milo58@example.org,1983-04-26,"2021-03-01 05:29:04",91869.707,31,reversal,22675.388,"2021-03-01 05:29:05","2021-03-01 05:29:05"
1,milo58@example.org,1983-04-26,"2021-03-01 05:29:04",91869.707,35,debit,4231.896,"2021-03-01 05:29:05","2021-03-01 05:29:05"
1,milo58@example.org,1983-04-26,"2021-03-01 05:29:04",91869.707,37,reversal,51119.138,"2021-03-01 05:29:05","2021-03-01 05:29:05"
1,milo58@example.org,1983-04-26,"2021-03-01 05:29:04",91869.707,40,reversal,62843.883,"2021-03-01 05:29:05","2021-03-01 05:29:05"
1,milo58@example.org,1983-04-26,"2021-03-01 05:29:04",91869.707,41,credit,33600.061,"2021-03-01 05:29:05","2021-03-01 05:29:05"
1,milo58@example.org,1983-04-26,"2021-03-01 05:29:04",91869.707,45,credit,69252.454,"2021-03-01 05:29:05","2021-03-01 05:29:05"
1,milo58@example.org,1983-04-26,"2021-03-01 05:29:04",91869.707,47,debit,12503.72,"2021-03-01 05:29:05","2021-03-01 05:29:05"
1,milo58@example.org,1983-04-26,"2021-03-01 05:29:04",91869.707,50,credit,20412.07,"2021-03-01 05:29:05","2021-03-01 05:29:05"
1,milo58@example.org,1983-04-26,"2021-03-01 05:29:04",91869.707,54,debit,3652.902,"2021-03-01 05:29:05","2021-03-01 05:29:05"
1,milo58@example.org,1983-04-26,"2021-03-01 05:29:04",91869.707,55,debit,24041.76,"2021-03-01 05:29:05","2021-03-01 05:29:05"
1,milo58@example.org,1983-04-26,"2021-03-01 05:29:04",91869.707,57,debit,5744.114,"2021-03-01 05:29:05","2021-03-01 05:29:05"
1,milo58@example.org,1983-04-26,"2021-03-01 05:29:04",91869.707,61,credit,7949.466,"2021-03-01 05:29:05","2021-03-01 05:29:05"
1,milo58@example.org,1983-04-26,"2021-03-01 05:29:04",91869.707,65,credit,3057.487,"2021-03-01 05:29:05","2021-03-01 05:29:05"
1,milo58@example.org,1983-04-26,"2021-03-01 05:29:04",91869.707,71,reversal,14104.766,"2021-03-01 05:29:05","2021-03-01 05:29:05"
1,milo58@example.org,1983-04-26,"2021-03-01 05:29:04",91869.707,75,debit,67737.587,"2021-03-01 05:29:05","2021-03-01 05:29:05"
1,milo58@example.org,1983-04-26,"2021-03-01 05:29:04",91869.707,77,reversal,57084.979,"2021-03-01 05:29:05","2021-03-01 05:29:05"
1,milo58@example.org,1983-04-26,"2021-03-01 05:29:04",91869.707,79,credit,47157.579,"2021-03-01 05:29:05","2021-03-01 05:29:05"
1,milo58@example.org,1983-04-26,"2021-03-01 05:29:04",91869.707,80,debit,51476.374,"2021-03-01 05:29:05","2021-03-01 05:29:05"
1,milo58@example.org,1983-04-26,"2021-03-01 05:29:04",91869.707,81,credit,52202.442,"2021-03-01 05:29:05","2021-03-01 05:29:05"
1,milo58@example.org,1983-04-26,"2021-03-01 05:29:04",91869.707,84,credit,94591.257,"2021-03-01 05:29:05","2021-03-01 05:29:05"
1,milo58@example.org,1983-04-26,"2021-03-01 05:29:04",91869.707,89,reversal,39110.804,"2021-03-01 05:29:05","2021-03-01 05:29:05"
1,milo58@example.org,1983-04-26,"2021-03-01 05:29:04",91869.707,94,reversal,75907.076,"2021-03-01 05:29:05","2021-03-01 05:29:05"
1,milo58@example.org,1983-04-26,"2021-03-01 05:29:04",91869.707,95,debit,50879.364,"2021-03-01 05:29:05","2021-03-01 05:29:05"
1,milo58@example.org,1983-04-26,"2021-03-01 05:29:04",91869.707,97,debit,64230.47,"2021-03-01 05:29:05","2021-03-01 05:29:05"
1,milo58@example.org,1983-04-26,"2021-03-01 05:29:04",91869.707,100,reversal,61734.972,"2021-03-01 05:29:05","2021-03-01 05:29:05"
1,milo58@example.org,1983-04-26,"2021-03-01 05:29:04",91869.707,108,debit,45905.953,"2021-03-01 05:29:05","2021-03-01 05:29:05"
1,milo58@example.org,1983-04-26,"2021-03-01 05:29:04",91869.707,112,debit,34646.371,"2021-03-01 05:29:05","2021-03-01 05:29:05"
1,milo58@example.org,1983-04-26,"2021-03-01 05:29:04",91869.707,116,reversal,90102.72,"2021-03-01 05:29:05","2021-03-01 05:29:05"
1,milo58@example.org,1983-04-26,"2021-03-01 05:29:04",91869.707,117,credit,35195.987,"2021-03-01 05:29:05","2021-03-01 05:29:05"
1,milo58@example.org,1983-04-26,"2021-03-01 05:29:04",91869.707,119,debit,25478.536,"2021-03-01 05:29:05","2021-03-01 05:29:05"
1,milo58@example.org,1983-04-26,"2021-03-01 05:29:04",91869.707,123,reversal,3655.659,"2021-03-01 05:29:05","2021-03-01 05:29:05"
1,milo58@example.org,1983-04-26,"2021-03-01 05:29:04",91869.707,130,debit,15122.231,"2021-03-01 05:29:05","2021-03-01 05:29:05"
1,milo58@example.org,1983-04-26,"2021-03-01 05:29:04",91869.707,135,reversal,80854.964,"2021-03-01 05:29:05","2021-03-01 05:29:05"
1,milo58@example.org,1983-04-26,"2021-03-01 05:29:04",91869.707,136,reversal,8667.281,"2021-03-01 05:29:05","2021-03-01 05:29:05"
1,milo58@example.org,1983-04-26,"2021-03-01 05:29:04",91869.707,138,credit,11004.878,"2021-03-01 05:29:05","2021-03-01 05:29:05"
1,milo58@example.org,1983-04-26,"2021-03-01 05:29:04",91869.707,141,credit,41097.402,"2021-03-01 05:29:05","2021-03-01 05:29:05"
1,milo58@example.org,1983-04-26,"2021-03-01 05:29:04",91869.707,145,debit,13293.613,"2021-03-01 05:29:05","2021-03-01 05:29:05"
1,milo58@example.org,1983-04-26,"2021-03-01 05:29:04",91869.707,146,credit,53136.116,"2021-03-01 05:29:05","2021-03-01 05:29:05"
1,milo58@example.org,1983-04-26,"2021-03-01 05:29:04",91869.707,147,reversal,49308.067,"2021-03-01 05:29:05","2021-03-01 05:29:05"
1,milo58@example.org,1983-04-26,"2021-03-01 05:29:04",91869.707,148,debit,72890.939,"2021-03-01 05:29:05","2021-03-01 05:29:05"
1,milo58@example.org,1983-04-26,"2021-03-01 05:29:04",91869.707,149,debit,91942.842,"2021-03-01 05:29:05","2021-03-01 05:29:05"
1,milo58@example.org,1983-04-26,"2021-03-01 05:29:04",91869.707,153,debit,45177.556,"2021-03-01 05:29:05","2021-03-01 05:29:05"
1,milo58@example.org,1983-04-26,"2021-03-01 05:29:04",91869.707,154,credit,9971.808,"2021-03-01 05:29:05","2021-03-01 05:29:05"
1,milo58@example.org,1983-04-26,"2021-03-01 05:29:04",91869.707,155,reversal,98765.704,"2021-03-01 05:29:05","2021-03-01 05:29:05"
1,milo58@example.org,1983-04-26,"2021-03-01 05:29:04",91869.707,158,credit,42096.884,"2021-03-01 05:29:05","2021-03-01 05:29:05"
1,milo58@example.org,1983-04-26,"2021-03-01 05:29:04",91869.707,159,credit,39021.727,"2021-03-01 05:29:05","2021-03-01 05:29:05"
1,milo58@example.org,1983-04-26,"2021-03-01 05:29:04",91869.707,162,debit,35185.983,"2021-03-01 05:29:05","2021-03-01 05:29:05"
1,milo58@example.org,1983-04-26,"2021-03-01 05:29:04",91869.707,163,reversal,76373.306,"2021-03-01 05:29:05","2021-03-01 05:29:05"
1,milo58@example.org,1983-04-26,"2021-03-01 05:29:04",91869.707,165,debit,68588.637,"2021-03-01 05:29:06","2021-03-01 05:29:06"
1,milo58@example.org,1983-04-26,"2021-03-01 05:29:04",91869.707,169,credit,66061.623,"2021-03-01 05:29:06","2021-03-01 05:29:06"
1,milo58@example.org,1983-04-26,"2021-03-01 05:29:04",91869.707,170,credit,34982.236,"2021-03-01 05:29:06","2021-03-01 05:29:06"
1,milo58@example.org,1983-04-26,"2021-03-01 05:29:04",91869.707,172,credit,53540.902,"2021-03-01 05:29:06","2021-03-01 05:29:06"
1,milo58@example.org,1983-04-26,"2021-03-01 05:29:04",91869.707,180,credit,76332.491,"2021-03-01 05:29:06","2021-03-01 05:29:06"
1,milo58@example.org,1983-04-26,"2021-03-01 05:29:04",91869.707,185,reversal,10853.769,"2021-03-01 05:29:06","2021-03-01 05:29:06"
1,milo58@example.org,1983-04-26,"2021-03-01 05:29:04",91869.707,186,reversal,67532.952,"2021-03-01 05:29:06","2021-03-01 05:29:06"
1,milo58@example.org,1983-04-26,"2021-03-01 05:29:04",91869.707,187,debit,40544.382,"2021-03-01 05:29:06","2021-03-01 05:29:06"
1,milo58@example.org,1983-04-26,"2021-03-01 05:29:04",91869.707,189,debit,44088.859,"2021-03-01 05:29:06","2021-03-01 05:29:06"
1,milo58@example.org,1983-04-26,"2021-03-01 05:29:04",91869.707,191,credit,73721.051,"2021-03-01 05:29:06","2021-03-01 05:29:06"
1,milo58@example.org,1983-04-26,"2021-03-01 05:29:04",91869.707,199,debit,34193.343,"2021-03-01 05:29:06","2021-03-01 05:29:06"
1,milo58@example.org,1983-04-26,"2021-03-01 05:29:04",91869.707,200,reversal,35170.931,"2021-03-01 05:29:06","2021-03-01 05:29:06"
1,milo58@example.org,1983-04-26,"2021-03-01 05:29:04",91869.707,202,debit,42430.132,"2021-03-01 05:29:06","2021-03-01 05:29:06"
1,milo58@example.org,1983-04-26,"2021-03-01 05:29:04",91869.707,211,debit,10270.668,"2021-03-01 05:29:06","2021-03-01 05:29:06"
1,milo58@example.org,1983-04-26,"2021-03-01 05:29:04",91869.707,212,debit,97178.921,"2021-03-01 05:29:06","2021-03-01 05:29:06"
1,milo58@example.org,1983-04-26,"2021-03-01 05:29:04",91869.707,214,reversal,91031.633,"2021-03-01 05:29:06","2021-03-01 05:29:06"
1,milo58@example.org,1983-04-26,"2021-03-01 05:29:04",91869.707,221,reversal,63831.708,"2021-03-01 05:29:06","2021-03-01 05:29:06"
1,milo58@example.org,1983-04-26,"2021-03-01 05:29:04",91869.707,222,debit,87801.68,"2021-03-01 05:29:06","2021-03-01 05:29:06"
1,milo58@example.org,1983-04-26,"2021-03-01 05:29:04",91869.707,224,credit,94728.231,"2021-03-01 05:29:06","2021-03-01 05:29:06"
1,milo58@example.org,1983-04-26,"2021-03-01 05:29:04",91869.707,227,credit,96071.384,"2021-03-01 05:29:06","2021-03-01 05:29:06"
1,milo58@example.org,1983-04-26,"2021-03-01 05:29:04",91869.707,231,reversal,94044.917,"2021-03-01 05:29:06","2021-03-01 05:29:06"
1,milo58@example.org,1983-04-26,"2021-03-01 05:29:04",91869.707,233,debit,47101.492,"2021-03-01 05:29:06","2021-03-01 05:29:06"
1,milo58@example.org,1983-04-26,"2021-03-01 05:29:04",91869.707,239,reversal,49552.81,"2021-03-01 05:29:06","2021-03-01 05:29:06"
1,milo58@example.org,1983-04-26,"2021-03-01 05:29:04",91869.707,254,reversal,51799.661,"2021-03-01 05:29:06","2021-03-01 05:29:06"
1,milo58@example.org,1983-04-26,"2021-03-01 05:29:04",91869.707,260,credit,60915.9,"2021-03-01 05:29:06","2021-03-01 05:29:06"
1,milo58@example.org,1983-04-26,"2021-03-01 05:29:04",91869.707,265,reversal,11399.994,"2021-03-01 05:29:06","2021-03-01 05:29:06"
1,milo58@example.org,1983-04-26,"2021-03-01 05:29:04",91869.707,266,credit,60117.953,"2021-03-01 05:29:06","2021-03-01 05:29:06"
1,milo58@example.org,1983-04-26,"2021-03-01 05:29:04",91869.707,267,reversal,82775.869,"2021-03-01 05:29:06","2021-03-01 05:29:06"
1,milo58@example.org,1983-04-26,"2021-03-01 05:29:04",91869.707,271,credit,4531.954,"2021-03-01 05:29:06","2021-03-01 05:29:06"
1,milo58@example.org,1983-04-26,"2021-03-01 05:29:04",91869.707,277,reversal,14636.586,"2021-03-01 05:29:06","2021-03-01 05:29:06"
1,milo58@example.org,1983-04-26,"2021-03-01 05:29:04",91869.707,280,reversal,9809.897,"2021-03-01 05:29:06","2021-03-01 05:29:06"
1,milo58@example.org,1983-04-26,"2021-03-01 05:29:04",91869.707,281,credit,30721.35,"2021-03-01 05:29:06","2021-03-01 05:29:06"
1,milo58@example.org,1983-04-26,"2021-03-01 05:29:04",91869.707,282,reversal,96640.793,"2021-03-01 05:29:06","2021-03-01 05:29:06"
1,milo58@example.org,1983-04-26,"2021-03-01 05:29:04",91869.707,285,reversal,42307.354,"2021-03-01 05:29:06","2021-03-01 05:29:06"
1,milo58@example.org,1983-04-26,"2021-03-01 05:29:04",91869.707,290,debit,14592.661,"2021-03-01 05:29:06","2021-03-01 05:29:06"
1,milo58@example.org,1983-04-26,"2021-03-01 05:29:04",91869.707,291,credit,3772.415,"2021-03-01 05:29:06","2021-03-01 05:29:06"
1,milo58@example.org,1983-04-26,"2021-03-01 05:29:04",91869.707,293,reversal,91881.992,"2021-03-01 05:29:06","2021-03-01 05:29:06"
1,milo58@example.org,1983-04-26,"2021-03-01 05:29:04",91869.707,295,credit,19227.601,"2021-03-01 05:29:06","2021-03-01 05:29:06"
1,milo58@example.org,1983-04-26,"2021-03-01 05:29:04",91869.707,297,credit,70530.81,"2021-03-01 05:29:06","2021-03-01 05:29:06"
1,milo58@example.org,1983-04-26,"2021-03-01 05:29:04",91869.707,307,credit,62945.875,"2021-03-01 05:29:06","2021-03-01 05:29:06"
1,milo58@example.org,1983-04-26,"2021-03-01 05:29:04",91869.707,309,credit,2379.408,"2021-03-01 05:29:06","2021-03-01 05:29:06"
1,milo58@example.org,1983-04-26,"2021-03-01 05:29:04",91869.707,316,reversal,85058.643,"2021-03-01 05:29:06","2021-03-01 05:29:06"
1,milo58@example.org,1983-04-26,"2021-03-01 05:29:04",91869.707,321,reversal,32778.899,"2021-03-01 05:29:06","2021-03-01 05:29:06"
1,milo58@example.org,1983-04-26,"2021-03-01 05:29:04",91869.707,324,debit,37692.81,"2021-03-01 05:29:06","2021-03-01 05:29:06"
1,milo58@example.org,1983-04-26,"2021-03-01 05:29:04",91869.707,329,debit,89054.903,"2021-03-01 05:29:06","2021-03-01 05:29:06"
1,milo58@example.org,1983-04-26,"2021-03-01 05:29:04",91869.707,338,reversal,73901.284,"2021-03-01 05:29:06","2021-03-01 05:29:06"
1,milo58@example.org,1983-04-26,"2021-03-01 05:29:04",91869.707,344,credit,51806.102,"2021-03-01 05:29:06","2021-03-01 05:29:06"
1,milo58@example.org,1983-04-26,"2021-03-01 05:29:04",91869.707,348,reversal,22901.757,"2021-03-01 05:29:06","2021-03-01 05:29:06"
1,milo58@example.org,1983-04-26,"2021-03-01 05:29:04",91869.707,349,debit,59969.781,"2021-03-01 05:29:06","2021-03-01 05:29:06"
1,milo58@example.org,1983-04-26,"2021-03-01 05:29:04",91869.707,350,credit,39672.743,"2021-03-01 05:29:06","2021-03-01 05:29:06"
1,milo58@example.org,1983-04-26,"2021-03-01 05:29:04",91869.707,352,credit,92791.744,"2021-03-01 05:29:06","2021-03-01 05:29:06"
1,milo58@example.org,1983-04-26,"2021-03-01 05:29:04",91869.707,359,debit,39297.656,"2021-03-01 05:29:06","2021-03-01 05:29:06"
1,milo58@example.org,1983-04-26,"2021-03-01 05:29:04",91869.707,360,debit,84072.433,"2021-03-01 05:29:06","2021-03-01 05:29:06"
1,milo58@example.org,1983-04-26,"2021-03-01 05:29:04",91869.707,361,debit,69143.724,"2021-03-01 05:29:06","2021-03-01 05:29:06"
1,milo58@example.org,1983-04-26,"2021-03-01 05:29:04",91869.707,362,credit,15540.447,"2021-03-01 05:29:06","2021-03-01 05:29:06"
1,milo58@example.org,1983-04-26,"2021-03-01 05:29:04",91869.707,369,debit,34213.758,"2021-03-01 05:29:06","2021-03-01 05:29:06"
1,milo58@example.org,1983-04-26,"2021-03-01 05:29:04",91869.707,370,reversal,77212.887,"2021-03-01 05:29:06","2021-03-01 05:29:06"
1,milo58@example.org,1983-04-26,"2021-03-01 05:29:04",91869.707,371,credit,93566.993,"2021-03-01 05:29:06","2021-03-01 05:29:06"
1,milo58@example.org,1983-04-26,"2021-03-01 05:29:04",91869.707,373,debit,62179.021,"2021-03-01 05:29:06","2021-03-01 05:29:06"
1,milo58@example.org,1983-04-26,"2021-03-01 05:29:04",91869.707,374,reversal,29912.896,"2021-03-01 05:29:06","2021-03-01 05:29:06"
1,milo58@example.org,1983-04-26,"2021-03-01 05:29:04",91869.707,378,reversal,32640.628,"2021-03-01 05:29:06","2021-03-01 05:29:06"
1,milo58@example.org,1983-04-26,"2021-03-01 05:29:04",91869.707,379,reversal,40759.437,"2021-03-01 05:29:06","2021-03-01 05:29:06"
1,milo58@example.org,1983-04-26,"2021-03-01 05:29:04",91869.707,380,credit,85965.436,"2021-03-01 05:29:06","2021-03-01 05:29:06"
1,milo58@example.org,1983-04-26,"2021-03-01 05:29:04",91869.707,391,debit,95459.327,"2021-03-01 05:29:07","2021-03-01 05:29:07"
1,milo58@example.org,1983-04-26,"2021-03-01 05:29:04",91869.707,392,reversal,29627.54,"2021-03-01 05:29:07","2021-03-01 05:29:07"
1,milo58@example.org,1983-04-26,"2021-03-01 05:29:04",91869.707,393,credit,8471.343,"2021-03-01 05:29:07","2021-03-01 05:29:07"
1,milo58@example.org,1983-04-26,"2021-03-01 05:29:04",91869.707,394,reversal,91396.697,"2021-03-01 05:29:07","2021-03-01 05:29:07"
1,milo58@example.org,1983-04-26,"2021-03-01 05:29:04",91869.707,398,reversal,60818.747,"2021-03-01 05:29:07","2021-03-01 05:29:07"
1,milo58@example.org,1983-04-26,"2021-03-01 05:29:04",91869.707,402,debit,88633.217,"2021-03-01 05:29:07","2021-03-01 05:29:07"
1,milo58@example.org,1983-04-26,"2021-03-01 05:29:04",91869.707,407,credit,35305.757,"2021-03-01 05:29:07","2021-03-01 05:29:07"
1,milo58@example.org,1983-04-26,"2021-03-01 05:29:04",91869.707,413,reversal,33295.694,"2021-03-01 05:29:07","2021-03-01 05:29:07"
1,milo58@example.org,1983-04-26,"2021-03-01 05:29:04",91869.707,421,debit,60745.907,"2021-03-01 05:29:07","2021-03-01 05:29:07"
1,milo58@example.org,1983-04-26,"2021-03-01 05:29:04",91869.707,423,debit,6627.266,"2021-03-01 05:29:07","2021-03-01 05:29:07"
1,milo58@example.org,1983-04-26,"2021-03-01 05:29:04",91869.707,424,credit,52854.737,"2021-03-01 05:29:07","2021-03-01 05:29:07"
1,milo58@example.org,1983-04-26,"2021-03-01 05:29:04",91869.707,427,credit,3523.719,"2021-03-01 05:29:07","2021-03-01 05:29:07"
1,milo58@example.org,1983-04-26,"2021-03-01 05:29:04",91869.707,429,debit,73168.759,"2021-03-01 05:29:07","2021-03-01 05:29:07"
1,milo58@example.org,1983-04-26,"2021-03-01 05:29:04",91869.707,430,debit,66944.12,"2021-03-01 05:29:07","2021-03-01 05:29:07"
1,milo58@example.org,1983-04-26,"2021-03-01 05:29:04",91869.707,432,reversal,4169.603,"2021-03-01 05:29:07","2021-03-01 05:29:07"
1,milo58@example.org,1983-04-26,"2021-03-01 05:29:04",91869.707,436,reversal,58293.341,"2021-03-01 05:29:07","2021-03-01 05:29:07"
1,milo58@example.org,1983-04-26,"2021-03-01 05:29:04",91869.707,437,debit,1117.625,"2021-03-01 05:29:07","2021-03-01 05:29:07"
1,milo58@example.org,1983-04-26,"2021-03-01 05:29:04",91869.707,438,reversal,6104.437,"2021-03-01 05:29:07","2021-03-01 05:29:07"
1,milo58@example.org,1983-04-26,"2021-03-01 05:29:04",91869.707,443,credit,99593.142,"2021-03-01 05:29:07","2021-03-01 05:29:07"
1,milo58@example.org,1983-04-26,"2021-03-01 05:29:04",91869.707,450,reversal,5499.593,"2021-03-01 05:29:07","2021-03-01 05:29:07"
1,milo58@example.org,1983-04-26,"2021-03-01 05:29:04",91869.707,454,debit,50824.246,"2021-03-01 05:29:07","2021-03-01 05:29:07"
1,milo58@example.org,1983-04-26,"2021-03-01 05:29:04",91869.707,457,reversal,24912.737,"2021-03-01 05:29:07","2021-03-01 05:29:07"
1,milo58@example.org,1983-04-26,"2021-03-01 05:29:04",91869.707,458,reversal,29150.009,"2021-03-01 05:29:07","2021-03-01 05:29:07"
1,milo58@example.org,1983-04-26,"2021-03-01 05:29:04",91869.707,462,credit,21786.315,"2021-03-01 05:29:07","2021-03-01 05:29:07"
1,milo58@example.org,1983-04-26,"2021-03-01 05:29:04",91869.707,466,credit,78209.088,"2021-03-01 05:29:07","2021-03-01 05:29:07"
1,milo58@example.org,1983-04-26,"2021-03-01 05:29:04",91869.707,467,debit,90176.999,"2021-03-01 05:29:07","2021-03-01 05:29:07"
1,milo58@example.org,1983-04-26,"2021-03-01 05:29:04",91869.707,468,debit,38944.751,"2021-03-01 05:29:07","2021-03-01 05:29:07"
1,milo58@example.org,1983-04-26,"2021-03-01 05:29:04",91869.707,470,reversal,4719.875,"2021-03-01 05:29:07","2021-03-01 05:29:07"
1,milo58@example.org,1983-04-26,"2021-03-01 05:29:04",91869.707,472,credit,46785.621,"2021-03-01 05:29:07","2021-03-01 05:29:07"
1,milo58@example.org,1983-04-26,"2021-03-01 05:29:04",91869.707,473,reversal,4619.8,"2021-03-01 05:29:07","2021-03-01 05:29:07"
1,milo58@example.org,1983-04-26,"2021-03-01 05:29:04",91869.707,474,reversal,85127.337,"2021-03-01 05:29:07","2021-03-01 05:29:07"
1,milo58@example.org,1983-04-26,"2021-03-01 05:29:04",91869.707,475,credit,20718.01,"2021-03-01 05:29:07","2021-03-01 05:29:07"
1,milo58@example.org,1983-04-26,"2021-03-01 05:29:04",91869.707,478,reversal,14567.584,"2021-03-01 05:29:07","2021-03-01 05:29:07"
1,milo58@example.org,1983-04-26,"2021-03-01 05:29:04",91869.707,479,credit,2162.877,"2021-03-01 05:29:07","2021-03-01 05:29:07"
1,milo58@example.org,1983-04-26,"2021-03-01 05:29:04",91869.707,482,reversal,90090.701,"2021-03-01 05:29:07","2021-03-01 05:29:07"
1,milo58@example.org,1983-04-26,"2021-03-01 05:29:04",91869.707,486,reversal,1040.761,"2021-03-01 05:29:07","2021-03-01 05:29:07"
1,milo58@example.org,1983-04-26,"2021-03-01 05:29:04",91869.707,487,debit,63963.674,"2021-03-01 05:29:07","2021-03-01 05:29:07"
1,milo58@example.org,1983-04-26,"2021-03-01 05:29:04",91869.707,488,reversal,45640.335,"2021-03-01 05:29:07","2021-03-01 05:29:07"
1,milo58@example.org,1983-04-26,"2021-03-01 05:29:04",91869.707,489,reversal,96134.352,"2021-03-01 05:29:07","2021-03-01 05:29:07"
1,milo58@example.org,1983-04-26,"2021-03-01 05:29:04",91869.707,491,debit,8136.107,"2021-03-01 05:29:07","2021-03-01 05:29:07"
1,milo58@example.org,1983-04-26,"2021-03-01 05:29:04",91869.707,493,reversal,71212.991,"2021-03-01 05:29:07","2021-03-01 05:29:07"
1,milo58@example.org,1983-04-26,"2021-03-01 05:29:04",91869.707,496,reversal,56310.367,"2021-03-01 05:29:07","2021-03-01 05:29:07"
1,milo58@example.org,1983-04-26,"2021-03-01 05:29:04",91869.707,498,debit,45490.261,"2021-03-01 05:29:07","2021-03-01 05:29:07"
1,milo58@example.org,1983-04-26,"2021-03-01 05:29:04",91869.707,503,credit,70593.135,"2021-03-01 05:29:07","2021-03-01 05:29:07"
1,milo58@example.org,1983-04-26,"2021-03-01 05:29:04",91869.707,509,reversal,5345.069,"2021-03-01 05:29:07","2021-03-01 05:29:07"
1,milo58@example.org,1983-04-26,"2021-03-01 05:29:04",91869.707,511,reversal,11373.56,"2021-03-01 05:29:07","2021-03-01 05:29:07"
1,milo58@example.org,1983-04-26,"2021-03-01 05:29:04",91869.707,520,reversal,31580.532,"2021-03-01 05:29:07","2021-03-01 05:29:07"
1,milo58@example.org,1983-04-26,"2021-03-01 05:29:04",91869.707,525,credit,61690.501,"2021-03-01 05:29:07","2021-03-01 05:29:07"
1,milo58@example.org,1983-04-26,"2021-03-01 05:29:04",91869.707,526,credit,89189.597,"2021-03-01 05:29:07","2021-03-01 05:29:07"
1,milo58@example.org,1983-04-26,"2021-03-01 05:29:04",91869.707,528,credit,44369.184,"2021-03-01 05:29:07","2021-03-01 05:29:07"
1,milo58@example.org,1983-04-26,"2021-03-01 05:29:04",91869.707,530,credit,28752.619,"2021-03-01 05:29:07","2021-03-01 05:29:07"
1,milo58@example.org,1983-04-26,"2021-03-01 05:29:04",91869.707,534,debit,64306.09,"2021-03-01 05:29:07","2021-03-01 05:29:07"
1,milo58@example.org,1983-04-26,"2021-03-01 05:29:04",91869.707,535,debit,37381.769,"2021-03-01 05:29:07","2021-03-01 05:29:07"
1,milo58@example.org,1983-04-26,"2021-03-01 05:29:04",91869.707,537,reversal,87218.175,"2021-03-01 05:29:07","2021-03-01 05:29:07"
1,milo58@example.org,1983-04-26,"2021-03-01 05:29:04",91869.707,538,debit,92725.726,"2021-03-01 05:29:07","2021-03-01 05:29:07"
1,milo58@example.org,1983-04-26,"2021-03-01 05:29:04",91869.707,543,reversal,70933.445,"2021-03-01 05:29:07","2021-03-01 05:29:07"
1,milo58@example.org,1983-04-26,"2021-03-01 05:29:04",91869.707,544,debit,36392.836,"2021-03-01 05:29:07","2021-03-01 05:29:07"
1,milo58@example.org,1983-04-26,"2021-03-01 05:29:04",91869.707,545,debit,3382.574,"2021-03-01 05:29:07","2021-03-01 05:29:07"
1,milo58@example.org,1983-04-26,"2021-03-01 05:29:04",91869.707,546,credit,88543.6,"2021-03-01 05:29:07","2021-03-01 05:29:07"
1,milo58@example.org,1983-04-26,"2021-03-01 05:29:04",91869.707,548,credit,35707.318,"2021-03-01 05:29:07","2021-03-01 05:29:07"
1,milo58@example.org,1983-04-26,"2021-03-01 05:29:04",91869.707,549,reversal,276.927,"2021-03-01 05:29:07","2021-03-01 05:29:07"
1,milo58@example.org,1983-04-26,"2021-03-01 05:29:04",91869.707,550,credit,98414.463,"2021-03-01 05:29:07","2021-03-01 05:29:07"
1,milo58@example.org,1983-04-26,"2021-03-01 05:29:04",91869.707,554,reversal,11796.638,"2021-03-01 05:29:07","2021-03-01 05:29:07"
1,milo58@example.org,1983-04-26,"2021-03-01 05:29:04",91869.707,556,debit,12326.136,"2021-03-01 05:29:07","2021-03-01 05:29:07"
1,milo58@example.org,1983-04-26,"2021-03-01 05:29:04",91869.707,563,credit,86096.894,"2021-03-01 05:29:07","2021-03-01 05:29:07"
1,milo58@example.org,1983-04-26,"2021-03-01 05:29:04",91869.707,564,credit,36347.677,"2021-03-01 05:29:07","2021-03-01 05:29:07"
1,milo58@example.org,1983-04-26,"2021-03-01 05:29:04",91869.707,567,debit,64186.202,"2021-03-01 05:29:07","2021-03-01 05:29:07"
1,milo58@example.org,1983-04-26,"2021-03-01 05:29:04",91869.707,568,debit,49616.513,"2021-03-01 05:29:07","2021-03-01 05:29:07"
1,milo58@example.org,1983-04-26,"2021-03-01 05:29:04",91869.707,574,reversal,43724.587,"2021-03-01 05:29:07","2021-03-01 05:29:07"
1,milo58@example.org,1983-04-26,"2021-03-01 05:29:04",91869.707,577,reversal,42666.321,"2021-03-01 05:29:07","2021-03-01 05:29:07"
1,milo58@example.org,1983-04-26,"2021-03-01 05:29:04",91869.707,585,reversal,29090.545,"2021-03-01 05:29:07","2021-03-01 05:29:07"
1,milo58@example.org,1983-04-26,"2021-03-01 05:29:04",91869.707,590,credit,90899.434,"2021-03-01 05:29:07","2021-03-01 05:29:07"
1,milo58@example.org,1983-04-26,"2021-03-01 05:29:04",91869.707,594,credit,68728.755,"2021-03-01 05:29:07","2021-03-01 05:29:07"
1,milo58@example.org,1983-04-26,"2021-03-01 05:29:04",91869.707,597,credit,74908.403,"2021-03-01 05:29:07","2021-03-01 05:29:07"
1,milo58@example.org,1983-04-26,"2021-03-01 05:29:04",91869.707,598,reversal,11817.071,"2021-03-01 05:29:07","2021-03-01 05:29:07"
1,milo58@example.org,1983-04-26,"2021-03-01 05:29:04",91869.707,599,credit,73092.717,"2021-03-01 05:29:07","2021-03-01 05:29:07"
1,milo58@example.org,1983-04-26,"2021-03-01 05:29:04",91869.707,600,debit,88098.663,"2021-03-01 05:29:07","2021-03-01 05:29:07"
2,noemie10@example.org,2006-07-17,"2021-03-01 05:29:04",54750.61,1,credit,38043.683,"2021-03-01 05:29:05","2021-03-01 05:29:05"
2,noemie10@example.org,2006-07-17,"2021-03-01 05:29:04",54750.61,2,reversal,90162.372,"2021-03-01 05:29:05","2021-03-01 05:29:05"
2,noemie10@example.org,2006-07-17,"2021-03-01 05:29:04",54750.61,4,reversal,88077.023,"2021-03-01 05:29:05","2021-03-01 05:29:05"
2,noemie10@example.org,2006-07-17,"2021-03-01 05:29:04",54750.61,5,credit,61866.946,"2021-03-01 05:29:05","2021-03-01 05:29:05"
2,noemie10@example.org,2006-07-17,"2021-03-01 05:29:04",54750.61,6,credit,39241.02,"2021-03-01 05:29:05","2021-03-01 05:29:05"
2,noemie10@example.org,2006-07-17,"2021-03-01 05:29:04",54750.61,11,reversal,83361.593,"2021-03-01 05:29:05","2021-03-01 05:29:05"
2,noemie10@example.org,2006-07-17,"2021-03-01 05:29:04",54750.61,16,debit,52544.885,"2021-03-01 05:29:05","2021-03-01 05:29:05"
2,noemie10@example.org,2006-07-17,"2021-03-01 05:29:04",54750.61,17,credit,61417.424,"2021-03-01 05:29:05","2021-03-01 05:29:05"
2,noemie10@example.org,2006-07-17,"2021-03-01 05:29:04",54750.61,20,reversal,65522.667,"2021-03-01 05:29:05","2021-03-01 05:29:05"
2,noemie10@example.org,2006-07-17,"2021-03-01 05:29:04",54750.61,22,debit,80377.341,"2021-03-01 05:29:05","2021-03-01 05:29:05"
2,noemie10@example.org,2006-07-17,"2021-03-01 05:29:04",54750.61,25,credit,94719.577,"2021-03-01 05:29:05","2021-03-01 05:29:05"
2,noemie10@example.org,2006-07-17,"2021-03-01 05:29:04",54750.61,29,debit,45130.033,"2021-03-01 05:29:05","2021-03-01 05:29:05"
2,noemie10@example.org,2006-07-17,"2021-03-01 05:29:04",54750.61,32,credit,78345.694,"2021-03-01 05:29:05","2021-03-01 05:29:05"
2,noemie10@example.org,2006-07-17,"2021-03-01 05:29:04",54750.61,33,credit,35771.797,"2021-03-01 05:29:05","2021-03-01 05:29:05"
2,noemie10@example.org,2006-07-17,"2021-03-01 05:29:04",54750.61,39,debit,84428.728,"2021-03-01 05:29:05","2021-03-01 05:29:05"
2,noemie10@example.org,2006-07-17,"2021-03-01 05:29:04",54750.61,42,debit,82331.462,"2021-03-01 05:29:05","2021-03-01 05:29:05"
2,noemie10@example.org,2006-07-17,"2021-03-01 05:29:04",54750.61,43,reversal,57697.252,"2021-03-01 05:29:05","2021-03-01 05:29:05"
2,noemie10@example.org,2006-07-17,"2021-03-01 05:29:04",54750.61,44,reversal,8996.906,"2021-03-01 05:29:05","2021-03-01 05:29:05"
2,noemie10@example.org,2006-07-17,"2021-03-01 05:29:04",54750.61,46,debit,98440.469,"2021-03-01 05:29:05","2021-03-01 05:29:05"
2,noemie10@example.org,2006-07-17,"2021-03-01 05:29:04",54750.61,48,debit,6421.967,"2021-03-01 05:29:05","2021-03-01 05:29:05"
2,noemie10@example.org,2006-07-17,"2021-03-01 05:29:04",54750.61,53,credit,69549.924,"2021-03-01 05:29:05","2021-03-01 05:29:05"
2,noemie10@example.org,2006-07-17,"2021-03-01 05:29:04",54750.61,56,reversal,86784.725,"2021-03-01 05:29:05","2021-03-01 05:29:05"
2,noemie10@example.org,2006-07-17,"2021-03-01 05:29:04",54750.61,60,reversal,25035.95,"2021-03-01 05:29:05","2021-03-01 05:29:05"
2,noemie10@example.org,2006-07-17,"2021-03-01 05:29:04",54750.61,63,reversal,85684.697,"2021-03-01 05:29:05","2021-03-01 05:29:05"
2,noemie10@example.org,2006-07-17,"2021-03-01 05:29:04",54750.61,67,reversal,1794.79,"2021-03-01 05:29:05","2021-03-01 05:29:05"
2,noemie10@example.org,2006-07-17,"2021-03-01 05:29:04",54750.61,68,debit,10116.222,"2021-03-01 05:29:05","2021-03-01 05:29:05"
2,noemie10@example.org,2006-07-17,"2021-03-01 05:29:04",54750.61,70,credit,82153.859,"2021-03-01 05:29:05","2021-03-01 05:29:05"
2,noemie10@example.org,2006-07-17,"2021-03-01 05:29:04",54750.61,72,debit,43397.336,"2021-03-01 05:29:05","2021-03-01 05:29:05"
2,noemie10@example.org,2006-07-17,"2021-03-01 05:29:04",54750.61,85,credit,24081.505,"2021-03-01 05:29:05","2021-03-01 05:29:05"
2,noemie10@example.org,2006-07-17,"2021-03-01 05:29:04",54750.61,86,debit,37398.327,"2021-03-01 05:29:05","2021-03-01 05:29:05"
2,noemie10@example.org,2006-07-17,"2021-03-01 05:29:04",54750.61,90,debit,58336.245,"2021-03-01 05:29:05","2021-03-01 05:29:05"
2,noemie10@example.org,2006-07-17,"2021-03-01 05:29:04",54750.61,96,debit,98840.84,"2021-03-01 05:29:05","2021-03-01 05:29:05"
2,noemie10@example.org,2006-07-17,"2021-03-01 05:29:04",54750.61,98,credit,14673.168,"2021-03-01 05:29:05","2021-03-01 05:29:05"
2,noemie10@example.org,2006-07-17,"2021-03-01 05:29:04",54750.61,99,debit,8684.114,"2021-03-01 05:29:05","2021-03-01 05:29:05"
2,noemie10@example.org,2006-07-17,"2021-03-01 05:29:04",54750.61,101,reversal,27708.149,"2021-03-01 05:29:05","2021-03-01 05:29:05"
2,noemie10@example.org,2006-07-17,"2021-03-01 05:29:04",54750.61,104,reversal,80632.805,"2021-03-01 05:29:05","2021-03-01 05:29:05"
2,noemie10@example.org,2006-07-17,"2021-03-01 05:29:04",54750.61,106,reversal,46548.096,"2021-03-01 05:29:05","2021-03-01 05:29:05"
2,noemie10@example.org,2006-07-17,"2021-03-01 05:29:04",54750.61,110,credit,13429.52,"2021-03-01 05:29:05","2021-03-01 05:29:05"
2,noemie10@example.org,2006-07-17,"2021-03-01 05:29:04",54750.61,111,debit,90195.966,"2021-03-01 05:29:05","2021-03-01 05:29:05"
2,noemie10@example.org,2006-07-17,"2021-03-01 05:29:04",54750.61,118,reversal,79454.637,"2021-03-01 05:29:05","2021-03-01 05:29:05"
2,noemie10@example.org,2006-07-17,"2021-03-01 05:29:04",54750.61,124,credit,81862.515,"2021-03-01 05:29:05","2021-03-01 05:29:05"
2,noemie10@example.org,2006-07-17,"2021-03-01 05:29:04",54750.61,126,credit,72096.221,"2021-03-01 05:29:05","2021-03-01 05:29:05"
2,noemie10@example.org,2006-07-17,"2021-03-01 05:29:04",54750.61,127,reversal,29185.382,"2021-03-01 05:29:05","2021-03-01 05:29:05"
2,noemie10@example.org,2006-07-17,"2021-03-01 05:29:04",54750.61,128,debit,67042.73,"2021-03-01 05:29:05","2021-03-01 05:29:05"
2,noemie10@example.org,2006-07-17,"2021-03-01 05:29:04",54750.61,129,debit,80844.589,"2021-03-01 05:29:05","2021-03-01 05:29:05"
2,noemie10@example.org,2006-07-17,"2021-03-01 05:29:04",54750.61,131,credit,67285.707,"2021-03-01 05:29:05","2021-03-01 05:29:05"
2,noemie10@example.org,2006-07-17,"2021-03-01 05:29:04",54750.61,132,credit,46174.931,"2021-03-01 05:29:05","2021-03-01 05:29:05"
2,noemie10@example.org,2006-07-17,"2021-03-01 05:29:04",54750.61,133,credit,23518.554,"2021-03-01 05:29:05","2021-03-01 05:29:05"
2,noemie10@example.org,2006-07-17,"2021-03-01 05:29:04",54750.61,134,credit,23224.682,"2021-03-01 05:29:05","2021-03-01 05:29:05"
2,noemie10@example.org,2006-07-17,"2021-03-01 05:29:04",54750.61,137,credit,52892.585,"2021-03-01 05:29:05","2021-03-01 05:29:05"
2,noemie10@example.org,2006-07-17,"2021-03-01 05:29:04",54750.61,139,reversal,1727.845,"2021-03-01 05:29:05","2021-03-01 05:29:05"
2,noemie10@example.org,2006-07-17,"2021-03-01 05:29:04",54750.61,140,debit,98211.871,"2021-03-01 05:29:05","2021-03-01 05:29:05"
2,noemie10@example.org,2006-07-17,"2021-03-01 05:29:04",54750.61,142,credit,86834.102,"2021-03-01 05:29:05","2021-03-01 05:29:05"
2,noemie10@example.org,2006-07-17,"2021-03-01 05:29:04",54750.61,143,credit,40503.475,"2021-03-01 05:29:05","2021-03-01 05:29:05"
2,noemie10@example.org,2006-07-17,"2021-03-01 05:29:04",54750.61,150,debit,59550.057,"2021-03-01 05:29:05","2021-03-01 05:29:05"
2,noemie10@example.org,2006-07-17,"2021-03-01 05:29:04",54750.61,157,credit,72243.586,"2021-03-01 05:29:05","2021-03-01 05:29:05"
2,noemie10@example.org,2006-07-17,"2021-03-01 05:29:04",54750.61,160,reversal,49264.531,"2021-03-01 05:29:05","2021-03-01 05:29:05"
2,noemie10@example.org,2006-07-17,"2021-03-01 05:29:04",54750.61,175,reversal,83733.3,"2021-03-01 05:29:06","2021-03-01 05:29:06"
2,noemie10@example.org,2006-07-17,"2021-03-01 05:29:04",54750.61,176,credit,77624.017,"2021-03-01 05:29:06","2021-03-01 05:29:06"
2,noemie10@example.org,2006-07-17,"2021-03-01 05:29:04",54750.61,178,debit,71704.827,"2021-03-01 05:29:06","2021-03-01 05:29:06"
2,noemie10@example.org,2006-07-17,"2021-03-01 05:29:04",54750.61,179,reversal,1055.55,"2021-03-01 05:29:06","2021-03-01 05:29:06"
2,noemie10@example.org,2006-07-17,"2021-03-01 05:29:04",54750.61,183,credit,60238.182,"2021-03-01 05:29:06","2021-03-01 05:29:06"
2,noemie10@example.org,2006-07-17,"2021-03-01 05:29:04",54750.61,184,credit,36987.538,"2021-03-01 05:29:06","2021-03-01 05:29:06"
2,noemie10@example.org,2006-07-17,"2021-03-01 05:29:04",54750.61,190,debit,31671.614,"2021-03-01 05:29:06","2021-03-01 05:29:06"
2,noemie10@example.org,2006-07-17,"2021-03-01 05:29:04",54750.61,193,debit,89904.918,"2021-03-01 05:29:06","2021-03-01 05:29:06"
2,noemie10@example.org,2006-07-17,"2021-03-01 05:29:04",54750.61,197,credit,55107.484,"2021-03-01 05:29:06","2021-03-01 05:29:06"
2,noemie10@example.org,2006-07-17,"2021-03-01 05:29:04",54750.61,198,reversal,60386.066,"2021-03-01 05:29:06","2021-03-01 05:29:06"
2,noemie10@example.org,2006-07-17,"2021-03-01 05:29:04",54750.61,207,reversal,23117.272,"2021-03-01 05:29:06","2021-03-01 05:29:06"
2,noemie10@example.org,2006-07-17,"2021-03-01 05:29:04",54750.61,213,credit,29148.833,"2021-03-01 05:29:06","2021-03-01 05:29:06"
2,noemie10@example.org,2006-07-17,"2021-03-01 05:29:04",54750.61,218,reversal,1273.121,"2021-03-01 05:29:06","2021-03-01 05:29:06"
2,noemie10@example.org,2006-07-17,"2021-03-01 05:29:04",54750.61,223,debit,6598.441,"2021-03-01 05:29:06","2021-03-01 05:29:06"
2,noemie10@example.org,2006-07-17,"2021-03-01 05:29:04",54750.61,225,credit,36017.197,"2021-03-01 05:29:06","2021-03-01 05:29:06"
2,noemie10@example.org,2006-07-17,"2021-03-01 05:29:04",54750.61,226,reversal,34294.032,"2021-03-01 05:29:06","2021-03-01 05:29:06"
2,noemie10@example.org,2006-07-17,"2021-03-01 05:29:04",54750.61,230,debit,66779.89,"2021-03-01 05:29:06","2021-03-01 05:29:06"
2,noemie10@example.org,2006-07-17,"2021-03-01 05:29:04",54750.61,234,debit,14553.304,"2021-03-01 05:29:06","2021-03-01 05:29:06"
2,noemie10@example.org,2006-07-17,"2021-03-01 05:29:04",54750.61,235,debit,37120.178,"2021-03-01 05:29:06","2021-03-01 05:29:06"
2,noemie10@example.org,2006-07-17,"2021-03-01 05:29:04",54750.61,237,debit,65627.932,"2021-03-01 05:29:06","2021-03-01 05:29:06"
2,noemie10@example.org,2006-07-17,"2021-03-01 05:29:04",54750.61,238,reversal,64136.172,"2021-03-01 05:29:06","2021-03-01 05:29:06"
2,noemie10@example.org,2006-07-17,"2021-03-01 05:29:04",54750.61,243,debit,58024.297,"2021-03-01 05:29:06","2021-03-01 05:29:06"
2,noemie10@example.org,2006-07-17,"2021-03-01 05:29:04",54750.61,245,credit,1095.364,"2021-03-01 05:29:06","2021-03-01 05:29:06"
2,noemie10@example.org,2006-07-17,"2021-03-01 05:29:04",54750.61,247,reversal,18892.748,"2021-03-01 05:29:06","2021-03-01 05:29:06"
2,noemie10@example.org,2006-07-17,"2021-03-01 05:29:04",54750.61,248,reversal,95291.453,"2021-03-01 05:29:06","2021-03-01 05:29:06"
2,noemie10@example.org,2006-07-17,"2021-03-01 05:29:04",54750.61,249,credit,92520.068,"2021-03-01 05:29:06","2021-03-01 05:29:06"
2,noemie10@example.org,2006-07-17,"2021-03-01 05:29:04",54750.61,253,reversal,11770.91,"2021-03-01 05:29:06","2021-03-01 05:29:06"
2,noemie10@example.org,2006-07-17,"2021-03-01 05:29:04",54750.61,255,reversal,46106.744,"2021-03-01 05:29:06","2021-03-01 05:29:06"
2,noemie10@example.org,2006-07-17,"2021-03-01 05:29:04",54750.61,257,debit,15218.746,"2021-03-01 05:29:06","2021-03-01 05:29:06"
2,noemie10@example.org,2006-07-17,"2021-03-01 05:29:04",54750.61,258,credit,52840.108,"2021-03-01 05:29:06","2021-03-01 05:29:06"
2,noemie10@example.org,2006-07-17,"2021-03-01 05:29:04",54750.61,259,reversal,52281.267,"2021-03-01 05:29:06","2021-03-01 05:29:06"
2,noemie10@example.org,2006-07-17,"2021-03-01 05:29:04",54750.61,263,reversal,93779.112,"2021-03-01 05:29:06","2021-03-01 05:29:06"
2,noemie10@example.org,2006-07-17,"2021-03-01 05:29:04",54750.61,269,credit,59004.366,"2021-03-01 05:29:06","2021-03-01 05:29:06"
2,noemie10@example.org,2006-07-17,"2021-03-01 05:29:04",54750.61,270,credit,82374.454,"2021-03-01 05:29:06","2021-03-01 05:29:06"
2,noemie10@example.org,2006-07-17,"2021-03-01 05:29:04",54750.61,272,debit,91372.814,"2021-03-01 05:29:06","2021-03-01 05:29:06"
2,noemie10@example.org,2006-07-17,"2021-03-01 05:29:04",54750.61,273,credit,45407.078,"2021-03-01 05:29:06","2021-03-01 05:29:06"
2,noemie10@example.org,2006-07-17,"2021-03-01 05:29:04",54750.61,274,debit,47546.719,"2021-03-01 05:29:06","2021-03-01 05:29:06"
2,noemie10@example.org,2006-07-17,"2021-03-01 05:29:04",54750.61,275,debit,28022.255,"2021-03-01 05:29:06","2021-03-01 05:29:06"
2,noemie10@example.org,2006-07-17,"2021-03-01 05:29:04",54750.61,276,debit,24430.353,"2021-03-01 05:29:06","2021-03-01 05:29:06"
2,noemie10@example.org,2006-07-17,"2021-03-01 05:29:04",54750.61,279,credit,31418.629,"2021-03-01 05:29:06","2021-03-01 05:29:06"
2,noemie10@example.org,2006-07-17,"2021-03-01 05:29:04",54750.61,284,debit,25189.007,"2021-03-01 05:29:06","2021-03-01 05:29:06"
2,noemie10@example.org,2006-07-17,"2021-03-01 05:29:04",54750.61,288,reversal,33163.952,"2021-03-01 05:29:06","2021-03-01 05:29:06"
2,noemie10@example.org,2006-07-17,"2021-03-01 05:29:04",54750.61,289,credit,39000.869,"2021-03-01 05:29:06","2021-03-01 05:29:06"
2,noemie10@example.org,2006-07-17,"2021-03-01 05:29:04",54750.61,296,debit,75962.018,"2021-03-01 05:29:06","2021-03-01 05:29:06"
2,noemie10@example.org,2006-07-17,"2021-03-01 05:29:04",54750.61,298,debit,73960.237,"2021-03-01 05:29:06","2021-03-01 05:29:06"
2,noemie10@example.org,2006-07-17,"2021-03-01 05:29:04",54750.61,299,credit,45907.528,"2021-03-01 05:29:06","2021-03-01 05:29:06"
2,noemie10@example.org,2006-07-17,"2021-03-01 05:29:04",54750.61,300,reversal,88141.465,"2021-03-01 05:29:06","2021-03-01 05:29:06"
2,noemie10@example.org,2006-07-17,"2021-03-01 05:29:04",54750.61,302,debit,41017.711,"2021-03-01 05:29:06","2021-03-01 05:29:06"
2,noemie10@example.org,2006-07-17,"2021-03-01 05:29:04",54750.61,303,credit,43822.831,"2021-03-01 05:29:06","2021-03-01 05:29:06"
2,noemie10@example.org,2006-07-17,"2021-03-01 05:29:04",54750.61,308,debit,78134.03,"2021-03-01 05:29:06","2021-03-01 05:29:06"
2,noemie10@example.org,2006-07-17,"2021-03-01 05:29:04",54750.61,310,debit,24298.973,"2021-03-01 05:29:06","2021-03-01 05:29:06"
2,noemie10@example.org,2006-07-17,"2021-03-01 05:29:04",54750.61,312,credit,27206.072,"2021-03-01 05:29:06","2021-03-01 05:29:06"
2,noemie10@example.org,2006-07-17,"2021-03-01 05:29:04",54750.61,313,debit,57916.129,"2021-03-01 05:29:06","2021-03-01 05:29:06"
2,noemie10@example.org,2006-07-17,"2021-03-01 05:29:04",54750.61,314,debit,63489.526,"2021-03-01 05:29:06","2021-03-01 05:29:06"
2,noemie10@example.org,2006-07-17,"2021-03-01 05:29:04",54750.61,318,credit,74462.49,"2021-03-01 05:29:06","2021-03-01 05:29:06"
2,noemie10@example.org,2006-07-17,"2021-03-01 05:29:04",54750.61,322,debit,94753.442,"2021-03-01 05:29:06","2021-03-01 05:29:06"
2,noemie10@example.org,2006-07-17,"2021-03-01 05:29:04",54750.61,323,reversal,68354.352,"2021-03-01 05:29:06","2021-03-01 05:29:06"
2,noemie10@example.org,2006-07-17,"2021-03-01 05:29:04",54750.61,325,debit,85393.658,"2021-03-01 05:29:06","2021-03-01 05:29:06"
2,noemie10@example.org,2006-07-17,"2021-03-01 05:29:04",54750.61,326,reversal,27621.999,"2021-03-01 05:29:06","2021-03-01 05:29:06"
2,noemie10@example.org,2006-07-17,"2021-03-01 05:29:04",54750.61,330,credit,26348.478,"2021-03-01 05:29:06","2021-03-01 05:29:06"
2,noemie10@example.org,2006-07-17,"2021-03-01 05:29:04",54750.61,333,credit,44354.788,"2021-03-01 05:29:06","2021-03-01 05:29:06"
2,noemie10@example.org,2006-07-17,"2021-03-01 05:29:04",54750.61,339,reversal,43962.624,"2021-03-01 05:29:06","2021-03-01 05:29:06"
2,noemie10@example.org,2006-07-17,"2021-03-01 05:29:04",54750.61,340,reversal,90617.175,"2021-03-01 05:29:06","2021-03-01 05:29:06"
2,noemie10@example.org,2006-07-17,"2021-03-01 05:29:04",54750.61,342,credit,92851.218,"2021-03-01 05:29:06","2021-03-01 05:29:06"
2,noemie10@example.org,2006-07-17,"2021-03-01 05:29:04",54750.61,346,reversal,9877.093,"2021-03-01 05:29:06","2021-03-01 05:29:06"
2,noemie10@example.org,2006-07-17,"2021-03-01 05:29:04",54750.61,347,credit,36490.757,"2021-03-01 05:29:06","2021-03-01 05:29:06"
2,noemie10@example.org,2006-07-17,"2021-03-01 05:29:04",54750.61,351,credit,46485.874,"2021-03-01 05:29:06","2021-03-01 05:29:06"
2,noemie10@example.org,2006-07-17,"2021-03-01 05:29:04",54750.61,354,credit,30338.93,"2021-03-01 05:29:06","2021-03-01 05:29:06"
2,noemie10@example.org,2006-07-17,"2021-03-01 05:29:04",54750.61,355,debit,50814.226,"2021-03-01 05:29:06","2021-03-01 05:29:06"
2,noemie10@example.org,2006-07-17,"2021-03-01 05:29:04",54750.61,358,reversal,13609.205,"2021-03-01 05:29:06","2021-03-01 05:29:06"
2,noemie10@example.org,2006-07-17,"2021-03-01 05:29:04",54750.61,364,reversal,10309.833,"2021-03-01 05:29:06","2021-03-01 05:29:06"
2,noemie10@example.org,2006-07-17,"2021-03-01 05:29:04",54750.61,365,credit,20363.076,"2021-03-01 05:29:06","2021-03-01 05:29:06"
2,noemie10@example.org,2006-07-17,"2021-03-01 05:29:04",54750.61,368,credit,23057.453,"2021-03-01 05:29:06","2021-03-01 05:29:06"
2,noemie10@example.org,2006-07-17,"2021-03-01 05:29:04",54750.61,372,credit,19944.379,"2021-03-01 05:29:06","2021-03-01 05:29:06"
2,noemie10@example.org,2006-07-17,"2021-03-01 05:29:04",54750.61,375,debit,90294.609,"2021-03-01 05:29:06","2021-03-01 05:29:06"
2,noemie10@example.org,2006-07-17,"2021-03-01 05:29:04",54750.61,377,debit,57580.373,"2021-03-01 05:29:06","2021-03-01 05:29:06"
2,noemie10@example.org,2006-07-17,"2021-03-01 05:29:04",54750.61,382,debit,94401.089,"2021-03-01 05:29:06","2021-03-01 05:29:06"
2,noemie10@example.org,2006-07-17,"2021-03-01 05:29:04",54750.61,395,debit,14059.771,"2021-03-01 05:29:07","2021-03-01 05:29:07"
2,noemie10@example.org,2006-07-17,"2021-03-01 05:29:04",54750.61,397,credit,11575.408,"2021-03-01 05:29:07","2021-03-01 05:29:07"
2,noemie10@example.org,2006-07-17,"2021-03-01 05:29:04",54750.61,399,debit,80281.513,"2021-03-01 05:29:07","2021-03-01 05:29:07"
2,noemie10@example.org,2006-07-17,"2021-03-01 05:29:04",54750.61,400,credit,95382.026,"2021-03-01 05:29:07","2021-03-01 05:29:07"
2,noemie10@example.org,2006-07-17,"2021-03-01 05:29:04",54750.61,401,credit,96491.333,"2021-03-01 05:29:07","2021-03-01 05:29:07"
2,noemie10@example.org,2006-07-17,"2021-03-01 05:29:04",54750.61,403,reversal,78091.763,"2021-03-01 05:29:07","2021-03-01 05:29:07"
2,noemie10@example.org,2006-07-17,"2021-03-01 05:29:04",54750.61,406,debit,24608.609,"2021-03-01 05:29:07","2021-03-01 05:29:07"
2,noemie10@example.org,2006-07-17,"2021-03-01 05:29:04",54750.61,408,debit,18971.535,"2021-03-01 05:29:07","2021-03-01 05:29:07"
2,noemie10@example.org,2006-07-17,"2021-03-01 05:29:04",54750.61,411,reversal,53236.14,"2021-03-01 05:29:07","2021-03-01 05:29:07"
2,noemie10@example.org,2006-07-17,"2021-03-01 05:29:04",54750.61,412,reversal,80265.742,"2021-03-01 05:29:07","2021-03-01 05:29:07"
2,noemie10@example.org,2006-07-17,"2021-03-01 05:29:04",54750.61,414,reversal,61263.446,"2021-03-01 05:29:07","2021-03-01 05:29:07"
2,noemie10@example.org,2006-07-17,"2021-03-01 05:29:04",54750.61,417,reversal,76626.143,"2021-03-01 05:29:07","2021-03-01 05:29:07"
2,noemie10@example.org,2006-07-17,"2021-03-01 05:29:04",54750.61,422,credit,47279.347,"2021-03-01 05:29:07","2021-03-01 05:29:07"
2,noemie10@example.org,2006-07-17,"2021-03-01 05:29:04",54750.61,426,debit,54179.494,"2021-03-01 05:29:07","2021-03-01 05:29:07"
2,noemie10@example.org,2006-07-17,"2021-03-01 05:29:04",54750.61,431,debit,69258.485,"2021-03-01 05:29:07","2021-03-01 05:29:07"
2,noemie10@example.org,2006-07-17,"2021-03-01 05:29:04",54750.61,434,reversal,59489.201,"2021-03-01 05:29:07","2021-03-01 05:29:07"
2,noemie10@example.org,2006-07-17,"2021-03-01 05:29:04",54750.61,440,debit,8867.933,"2021-03-01 05:29:07","2021-03-01 05:29:07"
2,noemie10@example.org,2006-07-17,"2021-03-01 05:29:04",54750.61,441,debit,80811.213,"2021-03-01 05:29:07","2021-03-01 05:29:07"
2,noemie10@example.org,2006-07-17,"2021-03-01 05:29:04",54750.61,442,credit,33174.994,"2021-03-01 05:29:07","2021-03-01 05:29:07"
2,noemie10@example.org,2006-07-17,"2021-03-01 05:29:04",54750.61,444,debit,64232.753,"2021-03-01 05:29:07","2021-03-01 05:29:07"
2,noemie10@example.org,2006-07-17,"2021-03-01 05:29:04",54750.61,445,credit,78625.023,"2021-03-01 05:29:07","2021-03-01 05:29:07"
2,noemie10@example.org,2006-07-17,"2021-03-01 05:29:04",54750.61,452,reversal,90415.841,"2021-03-01 05:29:07","2021-03-01 05:29:07"
2,noemie10@example.org,2006-07-17,"2021-03-01 05:29:04",54750.61,453,reversal,6356.645,"2021-03-01 05:29:07","2021-03-01 05:29:07"
2,noemie10@example.org,2006-07-17,"2021-03-01 05:29:04",54750.61,455,credit,66780.533,"2021-03-01 05:29:07","2021-03-01 05:29:07"
2,noemie10@example.org,2006-07-17,"2021-03-01 05:29:04",54750.61,460,debit,89008.963,"2021-03-01 05:29:07","2021-03-01 05:29:07"
2,noemie10@example.org,2006-07-17,"2021-03-01 05:29:04",54750.61,461,credit,45335.695,"2021-03-01 05:29:07","2021-03-01 05:29:07"
2,noemie10@example.org,2006-07-17,"2021-03-01 05:29:04",54750.61,463,debit,49937.435,"2021-03-01 05:29:07","2021-03-01 05:29:07"
2,noemie10@example.org,2006-07-17,"2021-03-01 05:29:04",54750.61,465,reversal,65567.12,"2021-03-01 05:29:07","2021-03-01 05:29:07"
2,noemie10@example.org,2006-07-17,"2021-03-01 05:29:04",54750.61,481,credit,1569.713,"2021-03-01 05:29:07","2021-03-01 05:29:07"
2,noemie10@example.org,2006-07-17,"2021-03-01 05:29:04",54750.61,490,credit,37761.477,"2021-03-01 05:29:07","2021-03-01 05:29:07"
2,noemie10@example.org,2006-07-17,"2021-03-01 05:29:04",54750.61,492,credit,90281.032,"2021-03-01 05:29:07","2021-03-01 05:29:07"
2,noemie10@example.org,2006-07-17,"2021-03-01 05:29:04",54750.61,494,debit,20092.007,"2021-03-01 05:29:07","2021-03-01 05:29:07"
2,noemie10@example.org,2006-07-17,"2021-03-01 05:29:04",54750.61,500,reversal,16925.947,"2021-03-01 05:29:07","2021-03-01 05:29:07"
2,noemie10@example.org,2006-07-17,"2021-03-01 05:29:04",54750.61,502,debit,35385.82,"2021-03-01 05:29:07","2021-03-01 05:29:07"
2,noemie10@example.org,2006-07-17,"2021-03-01 05:29:04",54750.61,508,reversal,55278.459,"2021-03-01 05:29:07","2021-03-01 05:29:07"
2,noemie10@example.org,2006-07-17,"2021-03-01 05:29:04",54750.61,512,debit,51372.257,"2021-03-01 05:29:07","2021-03-01 05:29:07"
2,noemie10@example.org,2006-07-17,"2021-03-01 05:29:04",54750.61,514,debit,56016.306,"2021-03-01 05:29:07","2021-03-01 05:29:07"
2,noemie10@example.org,2006-07-17,"2021-03-01 05:29:04",54750.61,515,reversal,9664.765,"2021-03-01 05:29:07","2021-03-01 05:29:07"
2,noemie10@example.org,2006-07-17,"2021-03-01 05:29:04",54750.61,517,debit,98501.705,"2021-03-01 05:29:07","2021-03-01 05:29:07"
2,noemie10@example.org,2006-07-17,"2021-03-01 05:29:04",54750.61,522,credit,38100.892,"2021-03-01 05:29:07","2021-03-01 05:29:07"
2,noemie10@example.org,2006-07-17,"2021-03-01 05:29:04",54750.61,524,debit,14748.792,"2021-03-01 05:29:07","2021-03-01 05:29:07"
2,noemie10@example.org,2006-07-17,"2021-03-01 05:29:04",54750.61,527,debit,26835.591,"2021-03-01 05:29:07","2021-03-01 05:29:07"
2,noemie10@example.org,2006-07-17,"2021-03-01 05:29:04",54750.61,533,credit,23000.337,"2021-03-01 05:29:07","2021-03-01 05:29:07"
2,noemie10@example.org,2006-07-17,"2021-03-01 05:29:04",54750.61,542,credit,6242.07,"2021-03-01 05:29:07","2021-03-01 05:29:07"
2,noemie10@example.org,2006-07-17,"2021-03-01 05:29:04",54750.61,551,debit,20446.858,"2021-03-01 05:29:07","2021-03-01 05:29:07"
2,noemie10@example.org,2006-07-17,"2021-03-01 05:29:04",54750.61,555,debit,55239.779,"2021-03-01 05:29:07","2021-03-01 05:29:07"
2,noemie10@example.org,2006-07-17,"2021-03-01 05:29:04",54750.61,557,reversal,19730.98,"2021-03-01 05:29:07","2021-03-01 05:29:07"
2,noemie10@example.org,2006-07-17,"2021-03-01 05:29:04",54750.61,559,debit,94748.629,"2021-03-01 05:29:07","2021-03-01 05:29:07"
2,noemie10@example.org,2006-07-17,"2021-03-01 05:29:04",54750.61,562,credit,69905.484,"2021-03-01 05:29:07","2021-03-01 05:29:07"
2,noemie10@example.org,2006-07-17,"2021-03-01 05:29:04",54750.61,565,reversal,80296.184,"2021-03-01 05:29:07","2021-03-01 05:29:07"
2,noemie10@example.org,2006-07-17,"2021-03-01 05:29:04",54750.61,566,credit,78004.09,"2021-03-01 05:29:07","2021-03-01 05:29:07"
2,noemie10@example.org,2006-07-17,"2021-03-01 05:29:04",54750.61,570,debit,57112.206,"2021-03-01 05:29:07","2021-03-01 05:29:07"
2,noemie10@example.org,2006-07-17,"2021-03-01 05:29:04",54750.61,571,credit,28942.883,"2021-03-01 05:29:07","2021-03-01 05:29:07"
2,noemie10@example.org,2006-07-17,"2021-03-01 05:29:04",54750.61,576,debit,20626.986,"2021-03-01 05:29:07","2021-03-01 05:29:07"
2,noemie10@example.org,2006-07-17,"2021-03-01 05:29:04",54750.61,581,credit,24137.216,"2021-03-01 05:29:07","2021-03-01 05:29:07"
2,noemie10@example.org,2006-07-17,"2021-03-01 05:29:04",54750.61,582,credit,25555.707,"2021-03-01 05:29:07","2021-03-01 05:29:07"
2,noemie10@example.org,2006-07-17,"2021-03-01 05:29:04",54750.61,589,debit,50735.001,"2021-03-01 05:29:07","2021-03-01 05:29:07"
2,noemie10@example.org,2006-07-17,"2021-03-01 05:29:04",54750.61,591,credit,60548.972,"2021-03-01 05:29:07","2021-03-01 05:29:07"
2,noemie10@example.org,2006-07-17,"2021-03-01 05:29:04",54750.61,593,credit,41426.674,"2021-03-01 05:29:07","2021-03-01 05:29:07"
2,noemie10@example.org,2006-07-17,"2021-03-01 05:29:04",54750.61,596,debit,50480.368,"2021-03-01 05:29:07","2021-03-01 05:29:07"
3,ana53@example.org,1973-02-07,"2021-03-01 05:29:04",64350.405,3,reversal,66129.747,"2021-03-01 05:29:05","2021-03-01 05:29:05"
3,ana53@example.org,1973-02-07,"2021-03-01 05:29:04",64350.405,7,debit,47803.363,"2021-03-01 05:29:05","2021-03-01 05:29:05"
3,ana53@example.org,1973-02-07,"2021-03-01 05:29:04",64350.405,9,debit,66585.53,"2021-03-01 05:29:05","2021-03-01 05:29:05"
3,ana53@example.org,1973-02-07,"2021-03-01 05:29:04",64350.405,12,credit,11607.487,"2021-03-01 05:29:05","2021-03-01 05:29:05"
3,ana53@example.org,1973-02-07,"2021-03-01 05:29:04",64350.405,14,reversal,86250.583,"2021-03-01 05:29:05","2021-03-01 05:29:05"
3,ana53@example.org,1973-02-07,"2021-03-01 05:29:04",64350.405,15,debit,84660.405,"2021-03-01 05:29:05","2021-03-01 05:29:05"
3,ana53@example.org,1973-02-07,"2021-03-01 05:29:04",64350.405,18,debit,28821.135,"2021-03-01 05:29:05","2021-03-01 05:29:05"
3,ana53@example.org,1973-02-07,"2021-03-01 05:29:04",64350.405,19,credit,19767.633,"2021-03-01 05:29:05","2021-03-01 05:29:05"
3,ana53@example.org,1973-02-07,"2021-03-01 05:29:04",64350.405,23,credit,97060.013,"2021-03-01 05:29:05","2021-03-01 05:29:05"
3,ana53@example.org,1973-02-07,"2021-03-01 05:29:04",64350.405,24,debit,1760.089,"2021-03-01 05:29:05","2021-03-01 05:29:05"
3,ana53@example.org,1973-02-07,"2021-03-01 05:29:04",64350.405,27,debit,17968.759,"2021-03-01 05:29:05","2021-03-01 05:29:05"
3,ana53@example.org,1973-02-07,"2021-03-01 05:29:04",64350.405,34,debit,66244.784,"2021-03-01 05:29:05","2021-03-01 05:29:05"
3,ana53@example.org,1973-02-07,"2021-03-01 05:29:04",64350.405,36,credit,78772.793,"2021-03-01 05:29:05","2021-03-01 05:29:05"
3,ana53@example.org,1973-02-07,"2021-03-01 05:29:04",64350.405,38,debit,56138.557,"2021-03-01 05:29:05","2021-03-01 05:29:05"
3,ana53@example.org,1973-02-07,"2021-03-01 05:29:04",64350.405,49,credit,42873.626,"2021-03-01 05:29:05","2021-03-01 05:29:05"
3,ana53@example.org,1973-02-07,"2021-03-01 05:29:04",64350.405,51,debit,47079.35,"2021-03-01 05:29:05","2021-03-01 05:29:05"
3,ana53@example.org,1973-02-07,"2021-03-01 05:29:04",64350.405,52,debit,16686.399,"2021-03-01 05:29:05","2021-03-01 05:29:05"
3,ana53@example.org,1973-02-07,"2021-03-01 05:29:04",64350.405,58,debit,81856.762,"2021-03-01 05:29:05","2021-03-01 05:29:05"
3,ana53@example.org,1973-02-07,"2021-03-01 05:29:04",64350.405,59,credit,24149.785,"2021-03-01 05:29:05","2021-03-01 05:29:05"
3,ana53@example.org,1973-02-07,"2021-03-01 05:29:04",64350.405,62,debit,26329.869,"2021-03-01 05:29:05","2021-03-01 05:29:05"
3,ana53@example.org,1973-02-07,"2021-03-01 05:29:04",64350.405,64,credit,24002.086,"2021-03-01 05:29:05","2021-03-01 05:29:05"
3,ana53@example.org,1973-02-07,"2021-03-01 05:29:04",64350.405,66,debit,5737.687,"2021-03-01 05:29:05","2021-03-01 05:29:05"
3,ana53@example.org,1973-02-07,"2021-03-01 05:29:04",64350.405,69,reversal,22651.908,"2021-03-01 05:29:05","2021-03-01 05:29:05"
3,ana53@example.org,1973-02-07,"2021-03-01 05:29:04",64350.405,73,reversal,99289.367,"2021-03-01 05:29:05","2021-03-01 05:29:05"
3,ana53@example.org,1973-02-07,"2021-03-01 05:29:04",64350.405,74,debit,83434.745,"2021-03-01 05:29:05","2021-03-01 05:29:05"
3,ana53@example.org,1973-02-07,"2021-03-01 05:29:04",64350.405,76,credit,4679.004,"2021-03-01 05:29:05","2021-03-01 05:29:05"
3,ana53@example.org,1973-02-07,"2021-03-01 05:29:04",64350.405,78,credit,95914.789,"2021-03-01 05:29:05","2021-03-01 05:29:05"
3,ana53@example.org,1973-02-07,"2021-03-01 05:29:04",64350.405,82,reversal,85113.001,"2021-03-01 05:29:05","2021-03-01 05:29:05"
3,ana53@example.org,1973-02-07,"2021-03-01 05:29:04",64350.405,83,reversal,44242.02,"2021-03-01 05:29:05","2021-03-01 05:29:05"
3,ana53@example.org,1973-02-07,"2021-03-01 05:29:04",64350.405,87,reversal,46545.132,"2021-03-01 05:29:05","2021-03-01 05:29:05"
3,ana53@example.org,1973-02-07,"2021-03-01 05:29:04",64350.405,88,credit,41987.425,"2021-03-01 05:29:05","2021-03-01 05:29:05"
3,ana53@example.org,1973-02-07,"2021-03-01 05:29:04",64350.405,91,credit,88145.978,"2021-03-01 05:29:05","2021-03-01 05:29:05"
3,ana53@example.org,1973-02-07,"2021-03-01 05:29:04",64350.405,92,reversal,30198.27,"2021-03-01 05:29:05","2021-03-01 05:29:05"
3,ana53@example.org,1973-02-07,"2021-03-01 05:29:04",64350.405,93,reversal,45782.962,"2021-03-01 05:29:05","2021-03-01 05:29:05"
3,ana53@example.org,1973-02-07,"2021-03-01 05:29:04",64350.405,102,credit,56485.093,"2021-03-01 05:29:05","2021-03-01 05:29:05"
3,ana53@example.org,1973-02-07,"2021-03-01 05:29:04",64350.405,103,reversal,55824.971,"2021-03-01 05:29:05","2021-03-01 05:29:05"
3,ana53@example.org,1973-02-07,"2021-03-01 05:29:04",64350.405,105,reversal,22684.735,"2021-03-01 05:29:05","2021-03-01 05:29:05"
3,ana53@example.org,1973-02-07,"2021-03-01 05:29:04",64350.405,107,reversal,57270.059,"2021-03-01 05:29:05","2021-03-01 05:29:05"
3,ana53@example.org,1973-02-07,"2021-03-01 05:29:04",64350.405,109,reversal,45433.237,"2021-03-01 05:29:05","2021-03-01 05:29:05"
3,ana53@example.org,1973-02-07,"2021-03-01 05:29:04",64350.405,113,reversal,67694.321,"2021-03-01 05:29:05","2021-03-01 05:29:05"
3,ana53@example.org,1973-02-07,"2021-03-01 05:29:04",64350.405,114,reversal,45121.223,"2021-03-01 05:29:05","2021-03-01 05:29:05"
3,ana53@example.org,1973-02-07,"2021-03-01 05:29:04",64350.405,115,debit,46951.757,"2021-03-01 05:29:05","2021-03-01 05:29:05"
3,ana53@example.org,1973-02-07,"2021-03-01 05:29:04",64350.405,120,credit,61708.701,"2021-03-01 05:29:05","2021-03-01 05:29:05"
3,ana53@example.org,1973-02-07,"2021-03-01 05:29:04",64350.405,121,debit,99824.048,"2021-03-01 05:29:05","2021-03-01 05:29:05"
3,ana53@example.org,1973-02-07,"2021-03-01 05:29:04",64350.405,122,credit,74996.738,"2021-03-01 05:29:05","2021-03-01 05:29:05"
3,ana53@example.org,1973-02-07,"2021-03-01 05:29:04",64350.405,125,credit,93137.695,"2021-03-01 05:29:05","2021-03-01 05:29:05"
3,ana53@example.org,1973-02-07,"2021-03-01 05:29:04",64350.405,144,debit,84676.188,"2021-03-01 05:29:05","2021-03-01 05:29:05"
3,ana53@example.org,1973-02-07,"2021-03-01 05:29:04",64350.405,151,credit,91254.004,"2021-03-01 05:29:05","2021-03-01 05:29:05"
3,ana53@example.org,1973-02-07,"2021-03-01 05:29:04",64350.405,152,credit,63445.414,"2021-03-01 05:29:05","2021-03-01 05:29:05"
3,ana53@example.org,1973-02-07,"2021-03-01 05:29:04",64350.405,156,credit,31527.291,"2021-03-01 05:29:05","2021-03-01 05:29:05"
3,ana53@example.org,1973-02-07,"2021-03-01 05:29:04",64350.405,161,reversal,59267.315,"2021-03-01 05:29:05","2021-03-01 05:29:05"
3,ana53@example.org,1973-02-07,"2021-03-01 05:29:04",64350.405,164,debit,77889.798,"2021-03-01 05:29:05","2021-03-01 05:29:05"
3,ana53@example.org,1973-02-07,"2021-03-01 05:29:04",64350.405,166,reversal,97744.023,"2021-03-01 05:29:06","2021-03-01 05:29:06"
3,ana53@example.org,1973-02-07,"2021-03-01 05:29:04",64350.405,167,reversal,54412.556,"2021-03-01 05:29:06","2021-03-01 05:29:06"
3,ana53@example.org,1973-02-07,"2021-03-01 05:29:04",64350.405,168,credit,6724.568,"2021-03-01 05:29:06","2021-03-01 05:29:06"
3,ana53@example.org,1973-02-07,"2021-03-01 05:29:04",64350.405,171,credit,7879.75,"2021-03-01 05:29:06","2021-03-01 05:29:06"
3,ana53@example.org,1973-02-07,"2021-03-01 05:29:04",64350.405,173,credit,10863.969,"2021-03-01 05:29:06","2021-03-01 05:29:06"
3,ana53@example.org,1973-02-07,"2021-03-01 05:29:04",64350.405,174,debit,60423.475,"2021-03-01 05:29:06","2021-03-01 05:29:06"
3,ana53@example.org,1973-02-07,"2021-03-01 05:29:04",64350.405,177,credit,30166.173,"2021-03-01 05:29:06","2021-03-01 05:29:06"
3,ana53@example.org,1973-02-07,"2021-03-01 05:29:04",64350.405,181,reversal,84750.545,"2021-03-01 05:29:06","2021-03-01 05:29:06"
3,ana53@example.org,1973-02-07,"2021-03-01 05:29:04",64350.405,182,credit,24800.12,"2021-03-01 05:29:06","2021-03-01 05:29:06"
3,ana53@example.org,1973-02-07,"2021-03-01 05:29:04",64350.405,188,debit,75358.251,"2021-03-01 05:29:06","2021-03-01 05:29:06"
3,ana53@example.org,1973-02-07,"2021-03-01 05:29:04",64350.405,192,debit,61842.614,"2021-03-01 05:29:06","2021-03-01 05:29:06"
3,ana53@example.org,1973-02-07,"2021-03-01 05:29:04",64350.405,194,reversal,87254.117,"2021-03-01 05:29:06","2021-03-01 05:29:06"
3,ana53@example.org,1973-02-07,"2021-03-01 05:29:04",64350.405,195,credit,70048.14,"2021-03-01 05:29:06","2021-03-01 05:29:06"
3,ana53@example.org,1973-02-07,"2021-03-01 05:29:04",64350.405,196,debit,33489.981,"2021-03-01 05:29:06","2021-03-01 05:29:06"
3,ana53@example.org,1973-02-07,"2021-03-01 05:29:04",64350.405,201,credit,40297.358,"2021-03-01 05:29:06","2021-03-01 05:29:06"
3,ana53@example.org,1973-02-07,"2021-03-01 05:29:04",64350.405,203,credit,15922.258,"2021-03-01 05:29:06","2021-03-01 05:29:06"
3,ana53@example.org,1973-02-07,"2021-03-01 05:29:04",64350.405,204,credit,75928.832,"2021-03-01 05:29:06","2021-03-01 05:29:06"
3,ana53@example.org,1973-02-07,"2021-03-01 05:29:04",64350.405,205,credit,53904.705,"2021-03-01 05:29:06","2021-03-01 05:29:06"
3,ana53@example.org,1973-02-07,"2021-03-01 05:29:04",64350.405,206,debit,1266.55,"2021-03-01 05:29:06","2021-03-01 05:29:06"
3,ana53@example.org,1973-02-07,"2021-03-01 05:29:04",64350.405,208,reversal,75504.868,"2021-03-01 05:29:06","2021-03-01 05:29:06"
3,ana53@example.org,1973-02-07,"2021-03-01 05:29:04",64350.405,209,debit,10844.143,"2021-03-01 05:29:06","2021-03-01 05:29:06"
3,ana53@example.org,1973-02-07,"2021-03-01 05:29:04",64350.405,210,debit,80070.848,"2021-03-01 05:29:06","2021-03-01 05:29:06"
3,ana53@example.org,1973-02-07,"2021-03-01 05:29:04",64350.405,215,reversal,86.066,"2021-03-01 05:29:06","2021-03-01 05:29:06"
3,ana53@example.org,1973-02-07,"2021-03-01 05:29:04",64350.405,216,debit,56797.127,"2021-03-01 05:29:06","2021-03-01 05:29:06"
3,ana53@example.org,1973-02-07,"2021-03-01 05:29:04",64350.405,217,debit,61602.594,"2021-03-01 05:29:06","2021-03-01 05:29:06"
3,ana53@example.org,1973-02-07,"2021-03-01 05:29:04",64350.405,219,debit,67604.221,"2021-03-01 05:29:06","2021-03-01 05:29:06"
3,ana53@example.org,1973-02-07,"2021-03-01 05:29:04",64350.405,220,reversal,50014.46,"2021-03-01 05:29:06","2021-03-01 05:29:06"
3,ana53@example.org,1973-02-07,"2021-03-01 05:29:04",64350.405,228,debit,30237.003,"2021-03-01 05:29:06","2021-03-01 05:29:06"
3,ana53@example.org,1973-02-07,"2021-03-01 05:29:04",64350.405,229,reversal,58668.554,"2021-03-01 05:29:06","2021-03-01 05:29:06"
3,ana53@example.org,1973-02-07,"2021-03-01 05:29:04",64350.405,232,credit,24504.321,"2021-03-01 05:29:06","2021-03-01 05:29:06"
3,ana53@example.org,1973-02-07,"2021-03-01 05:29:04",64350.405,236,credit,7765.833,"2021-03-01 05:29:06","2021-03-01 05:29:06"
3,ana53@example.org,1973-02-07,"2021-03-01 05:29:04",64350.405,240,reversal,56755.473,"2021-03-01 05:29:06","2021-03-01 05:29:06"
3,ana53@example.org,1973-02-07,"2021-03-01 05:29:04",64350.405,241,credit,6761.825,"2021-03-01 05:29:06","2021-03-01 05:29:06"
3,ana53@example.org,1973-02-07,"2021-03-01 05:29:04",64350.405,242,debit,86673.825,"2021-03-01 05:29:06","2021-03-01 05:29:06"
3,ana53@example.org,1973-02-07,"2021-03-01 05:29:04",64350.405,244,credit,20382.242,"2021-03-01 05:29:06","2021-03-01 05:29:06"
3,ana53@example.org,1973-02-07,"2021-03-01 05:29:04",64350.405,246,reversal,52635.81,"2021-03-01 05:29:06","2021-03-01 05:29:06"
3,ana53@example.org,1973-02-07,"2021-03-01 05:29:04",64350.405,250,reversal,36013.417,"2021-03-01 05:29:06","2021-03-01 05:29:06"
3,ana53@example.org,1973-02-07,"2021-03-01 05:29:04",64350.405,251,credit,10303.034,"2021-03-01 05:29:06","2021-03-01 05:29:06"
3,ana53@example.org,1973-02-07,"2021-03-01 05:29:04",64350.405,252,credit,95126.441,"2021-03-01 05:29:06","2021-03-01 05:29:06"
3,ana53@example.org,1973-02-07,"2021-03-01 05:29:04",64350.405,256,debit,69699.474,"2021-03-01 05:29:06","2021-03-01 05:29:06"
3,ana53@example.org,1973-02-07,"2021-03-01 05:29:04",64350.405,261,credit,2609.661,"2021-03-01 05:29:06","2021-03-01 05:29:06"
3,ana53@example.org,1973-02-07,"2021-03-01 05:29:04",64350.405,262,debit,23069.303,"2021-03-01 05:29:06","2021-03-01 05:29:06"
3,ana53@example.org,1973-02-07,"2021-03-01 05:29:04",64350.405,264,reversal,83290.222,"2021-03-01 05:29:06","2021-03-01 05:29:06"
3,ana53@example.org,1973-02-07,"2021-03-01 05:29:04",64350.405,268,reversal,88846.26,"2021-03-01 05:29:06","2021-03-01 05:29:06"
3,ana53@example.org,1973-02-07,"2021-03-01 05:29:04",64350.405,278,reversal,12597.836,"2021-03-01 05:29:06","2021-03-01 05:29:06"
3,ana53@example.org,1973-02-07,"2021-03-01 05:29:04",64350.405,283,debit,29352.909,"2021-03-01 05:29:06","2021-03-01 05:29:06"
3,ana53@example.org,1973-02-07,"2021-03-01 05:29:04",64350.405,286,reversal,99193.379,"2021-03-01 05:29:06","2021-03-01 05:29:06"
3,ana53@example.org,1973-02-07,"2021-03-01 05:29:04",64350.405,287,debit,81669.93,"2021-03-01 05:29:06","2021-03-01 05:29:06"
3,ana53@example.org,1973-02-07,"2021-03-01 05:29:04",64350.405,292,credit,59407.961,"2021-03-01 05:29:06","2021-03-01 05:29:06"
3,ana53@example.org,1973-02-07,"2021-03-01 05:29:04",64350.405,294,debit,14942.321,"2021-03-01 05:29:06","2021-03-01 05:29:06"
3,ana53@example.org,1973-02-07,"2021-03-01 05:29:04",64350.405,301,debit,68596.096,"2021-03-01 05:29:06","2021-03-01 05:29:06"
3,ana53@example.org,1973-02-07,"2021-03-01 05:29:04",64350.405,304,reversal,68055.264,"2021-03-01 05:29:06","2021-03-01 05:29:06"
3,ana53@example.org,1973-02-07,"2021-03-01 05:29:04",64350.405,305,debit,48229.015,"2021-03-01 05:29:06","2021-03-01 05:29:06"
3,ana53@example.org,1973-02-07,"2021-03-01 05:29:04",64350.405,306,debit,30778.942,"2021-03-01 05:29:06","2021-03-01 05:29:06"
3,ana53@example.org,1973-02-07,"2021-03-01 05:29:04",64350.405,311,credit,85164.727,"2021-03-01 05:29:06","2021-03-01 05:29:06"
3,ana53@example.org,1973-02-07,"2021-03-01 05:29:04",64350.405,315,debit,75730.409,"2021-03-01 05:29:06","2021-03-01 05:29:06"
3,ana53@example.org,1973-02-07,"2021-03-01 05:29:04",64350.405,317,credit,26270.117,"2021-03-01 05:29:06","2021-03-01 05:29:06"
3,ana53@example.org,1973-02-07,"2021-03-01 05:29:04",64350.405,319,debit,19492.598,"2021-03-01 05:29:06","2021-03-01 05:29:06"
3,ana53@example.org,1973-02-07,"2021-03-01 05:29:04",64350.405,320,debit,20196.627,"2021-03-01 05:29:06","2021-03-01 05:29:06"
3,ana53@example.org,1973-02-07,"2021-03-01 05:29:04",64350.405,327,reversal,95630.946,"2021-03-01 05:29:06","2021-03-01 05:29:06"
3,ana53@example.org,1973-02-07,"2021-03-01 05:29:04",64350.405,328,debit,88641.449,"2021-03-01 05:29:06","2021-03-01 05:29:06"
3,ana53@example.org,1973-02-07,"2021-03-01 05:29:04",64350.405,331,debit,20377.253,"2021-03-01 05:29:06","2021-03-01 05:29:06"
3,ana53@example.org,1973-02-07,"2021-03-01 05:29:04",64350.405,332,credit,5340.2,"2021-03-01 05:29:06","2021-03-01 05:29:06"
3,ana53@example.org,1973-02-07,"2021-03-01 05:29:04",64350.405,334,reversal,6737.803,"2021-03-01 05:29:06","2021-03-01 05:29:06"
3,ana53@example.org,1973-02-07,"2021-03-01 05:29:04",64350.405,335,debit,75299.573,"2021-03-01 05:29:06","2021-03-01 05:29:06"
3,ana53@example.org,1973-02-07,"2021-03-01 05:29:04",64350.405,336,credit,45619.786,"2021-03-01 05:29:06","2021-03-01 05:29:06"
3,ana53@example.org,1973-02-07,"2021-03-01 05:29:04",64350.405,337,reversal,71679.701,"2021-03-01 05:29:06","2021-03-01 05:29:06"
3,ana53@example.org,1973-02-07,"2021-03-01 05:29:04",64350.405,341,reversal,29326.774,"2021-03-01 05:29:06","2021-03-01 05:29:06"
3,ana53@example.org,1973-02-07,"2021-03-01 05:29:04",64350.405,343,reversal,18300.788,"2021-03-01 05:29:06","2021-03-01 05:29:06"
3,ana53@example.org,1973-02-07,"2021-03-01 05:29:04",64350.405,345,credit,26337.407,"2021-03-01 05:29:06","2021-03-01 05:29:06"
3,ana53@example.org,1973-02-07,"2021-03-01 05:29:04",64350.405,353,credit,79312.291,"2021-03-01 05:29:06","2021-03-01 05:29:06"
3,ana53@example.org,1973-02-07,"2021-03-01 05:29:04",64350.405,356,credit,97075.122,"2021-03-01 05:29:06","2021-03-01 05:29:06"
3,ana53@example.org,1973-02-07,"2021-03-01 05:29:04",64350.405,357,debit,44693.875,"2021-03-01 05:29:06","2021-03-01 05:29:06"
3,ana53@example.org,1973-02-07,"2021-03-01 05:29:04",64350.405,363,debit,65731.84,"2021-03-01 05:29:06","2021-03-01 05:29:06"
3,ana53@example.org,1973-02-07,"2021-03-01 05:29:04",64350.405,366,credit,49977.17,"2021-03-01 05:29:06","2021-03-01 05:29:06"
3,ana53@example.org,1973-02-07,"2021-03-01 05:29:04",64350.405,367,reversal,23020.267,"2021-03-01 05:29:06","2021-03-01 05:29:06"
3,ana53@example.org,1973-02-07,"2021-03-01 05:29:04",64350.405,376,debit,28472.629,"2021-03-01 05:29:06","2021-03-01 05:29:06"
3,ana53@example.org,1973-02-07,"2021-03-01 05:29:04",64350.405,381,reversal,92852.654,"2021-03-01 05:29:06","2021-03-01 05:29:06"
3,ana53@example.org,1973-02-07,"2021-03-01 05:29:04",64350.405,383,credit,51194.857,"2021-03-01 05:29:06","2021-03-01 05:29:06"
3,ana53@example.org,1973-02-07,"2021-03-01 05:29:04",64350.405,384,credit,69144.455,"2021-03-01 05:29:06","2021-03-01 05:29:06"
3,ana53@example.org,1973-02-07,"2021-03-01 05:29:04",64350.405,385,debit,40869.978,"2021-03-01 05:29:07","2021-03-01 05:29:07"
3,ana53@example.org,1973-02-07,"2021-03-01 05:29:04",64350.405,386,reversal,20119.095,"2021-03-01 05:29:07","2021-03-01 05:29:07"
3,ana53@example.org,1973-02-07,"2021-03-01 05:29:04",64350.405,387,credit,2724.657,"2021-03-01 05:29:07","2021-03-01 05:29:07"
3,ana53@example.org,1973-02-07,"2021-03-01 05:29:04",64350.405,388,credit,81465.782,"2021-03-01 05:29:07","2021-03-01 05:29:07"
3,ana53@example.org,1973-02-07,"2021-03-01 05:29:04",64350.405,389,debit,92338.539,"2021-03-01 05:29:07","2021-03-01 05:29:07"
3,ana53@example.org,1973-02-07,"2021-03-01 05:29:04",64350.405,390,reversal,48945.912,"2021-03-01 05:29:07","2021-03-01 05:29:07"
3,ana53@example.org,1973-02-07,"2021-03-01 05:29:04",64350.405,396,debit,19105.068,"2021-03-01 05:29:07","2021-03-01 05:29:07"
3,ana53@example.org,1973-02-07,"2021-03-01 05:29:04",64350.405,404,reversal,98107.744,"2021-03-01 05:29:07","2021-03-01 05:29:07"
3,ana53@example.org,1973-02-07,"2021-03-01 05:29:04",64350.405,405,reversal,12267.475,"2021-03-01 05:29:07","2021-03-01 05:29:07"
3,ana53@example.org,1973-02-07,"2021-03-01 05:29:04",64350.405,409,reversal,79521.425,"2021-03-01 05:29:07","2021-03-01 05:29:07"
3,ana53@example.org,1973-02-07,"2021-03-01 05:29:04",64350.405,410,debit,51898.097,"2021-03-01 05:29:07","2021-03-01 05:29:07"
3,ana53@example.org,1973-02-07,"2021-03-01 05:29:04",64350.405,415,reversal,6339.614,"2021-03-01 05:29:07","2021-03-01 05:29:07"
3,ana53@example.org,1973-02-07,"2021-03-01 05:29:04",64350.405,416,reversal,64853.179,"2021-03-01 05:29:07","2021-03-01 05:29:07"
3,ana53@example.org,1973-02-07,"2021-03-01 05:29:04",64350.405,418,debit,8247.819,"2021-03-01 05:29:07","2021-03-01 05:29:07"
3,ana53@example.org,1973-02-07,"2021-03-01 05:29:04",64350.405,419,credit,35913.453,"2021-03-01 05:29:07","2021-03-01 05:29:07"
3,ana53@example.org,1973-02-07,"2021-03-01 05:29:04",64350.405,420,debit,5130.192,"2021-03-01 05:29:07","2021-03-01 05:29:07"
3,ana53@example.org,1973-02-07,"2021-03-01 05:29:04",64350.405,425,reversal,16558.431,"2021-03-01 05:29:07","2021-03-01 05:29:07"
3,ana53@example.org,1973-02-07,"2021-03-01 05:29:04",64350.405,428,reversal,72723.168,"2021-03-01 05:29:07","2021-03-01 05:29:07"
3,ana53@example.org,1973-02-07,"2021-03-01 05:29:04",64350.405,433,credit,93400.422,"2021-03-01 05:29:07","2021-03-01 05:29:07"
3,ana53@example.org,1973-02-07,"2021-03-01 05:29:04",64350.405,435,reversal,48839.967,"2021-03-01 05:29:07","2021-03-01 05:29:07"
3,ana53@example.org,1973-02-07,"2021-03-01 05:29:04",64350.405,439,credit,86552.279,"2021-03-01 05:29:07","2021-03-01 05:29:07"
3,ana53@example.org,1973-02-07,"2021-03-01 05:29:04",64350.405,446,credit,14354.879,"2021-03-01 05:29:07","2021-03-01 05:29:07"
3,ana53@example.org,1973-02-07,"2021-03-01 05:29:04",64350.405,447,reversal,37735.276,"2021-03-01 05:29:07","2021-03-01 05:29:07"
3,ana53@example.org,1973-02-07,"2021-03-01 05:29:04",64350.405,448,debit,4245.662,"2021-03-01 05:29:07","2021-03-01 05:29:07"
3,ana53@example.org,1973-02-07,"2021-03-01 05:29:04",64350.405,449,reversal,24509.615,"2021-03-01 05:29:07","2021-03-01 05:29:07"
3,ana53@example.org,1973-02-07,"2021-03-01 05:29:04",64350.405,451,credit,89362.609,"2021-03-01 05:29:07","2021-03-01 05:29:07"
3,ana53@example.org,1973-02-07,"2021-03-01 05:29:04",64350.405,456,debit,45545.222,"2021-03-01 05:29:07","2021-03-01 05:29:07"
3,ana53@example.org,1973-02-07,"2021-03-01 05:29:04",64350.405,459,debit,47340.889,"2021-03-01 05:29:07","2021-03-01 05:29:07"
3,ana53@example.org,1973-02-07,"2021-03-01 05:29:04",64350.405,464,credit,95620.188,"2021-03-01 05:29:07","2021-03-01 05:29:07"
3,ana53@example.org,1973-02-07,"2021-03-01 05:29:04",64350.405,469,reversal,1266.371,"2021-03-01 05:29:07","2021-03-01 05:29:07"
3,ana53@example.org,1973-02-07,"2021-03-01 05:29:04",64350.405,471,reversal,24982.288,"2021-03-01 05:29:07","2021-03-01 05:29:07"
3,ana53@example.org,1973-02-07,"2021-03-01 05:29:04",64350.405,476,reversal,52330.959,"2021-03-01 05:29:07","2021-03-01 05:29:07"
3,ana53@example.org,1973-02-07,"2021-03-01 05:29:04",64350.405,477,credit,688.017,"2021-03-01 05:29:07","2021-03-01 05:29:07"
3,ana53@example.org,1973-02-07,"2021-03-01 05:29:04",64350.405,480,reversal,57338.354,"2021-03-01 05:29:07","2021-03-01 05:29:07"
3,ana53@example.org,1973-02-07,"2021-03-01 05:29:04",64350.405,483,reversal,14494.699,"2021-03-01 05:29:07","2021-03-01 05:29:07"
3,ana53@example.org,1973-02-07,"2021-03-01 05:29:04",64350.405,484,debit,4913.651,"2021-03-01 05:29:07","2021-03-01 05:29:07"
3,ana53@example.org,1973-02-07,"2021-03-01 05:29:04",64350.405,485,credit,61246.371,"2021-03-01 05:29:07","2021-03-01 05:29:07"
3,ana53@example.org,1973-02-07,"2021-03-01 05:29:04",64350.405,495,debit,21792.403,"2021-03-01 05:29:07","2021-03-01 05:29:07"
3,ana53@example.org,1973-02-07,"2021-03-01 05:29:04",64350.405,497,debit,56110.35,"2021-03-01 05:29:07","2021-03-01 05:29:07"
3,ana53@example.org,1973-02-07,"2021-03-01 05:29:04",64350.405,499,reversal,49689.822,"2021-03-01 05:29:07","2021-03-01 05:29:07"
3,ana53@example.org,1973-02-07,"2021-03-01 05:29:04",64350.405,501,debit,7147.799,"2021-03-01 05:29:07","2021-03-01 05:29:07"
3,ana53@example.org,1973-02-07,"2021-03-01 05:29:04",64350.405,504,debit,20290.362,"2021-03-01 05:29:07","2021-03-01 05:29:07"
3,ana53@example.org,1973-02-07,"2021-03-01 05:29:04",64350.405,505,debit,40855.31,"2021-03-01 05:29:07","2021-03-01 05:29:07"
3,ana53@example.org,1973-02-07,"2021-03-01 05:29:04",64350.405,506,reversal,81579.769,"2021-03-01 05:29:07","2021-03-01 05:29:07"
3,ana53@example.org,1973-02-07,"2021-03-01 05:29:04",64350.405,507,debit,28627.676,"2021-03-01 05:29:07","2021-03-01 05:29:07"
3,ana53@example.org,1973-02-07,"2021-03-01 05:29:04",64350.405,510,reversal,63015.373,"2021-03-01 05:29:07","2021-03-01 05:29:07"
3,ana53@example.org,1973-02-07,"2021-03-01 05:29:04",64350.405,513,reversal,78419.677,"2021-03-01 05:29:07","2021-03-01 05:29:07"
3,ana53@example.org,1973-02-07,"2021-03-01 05:29:04",64350.405,516,debit,74346.118,"2021-03-01 05:29:07","2021-03-01 05:29:07"
3,ana53@example.org,1973-02-07,"2021-03-01 05:29:04",64350.405,518,reversal,3653.639,"2021-03-01 05:29:07","2021-03-01 05:29:07"
3,ana53@example.org,1973-02-07,"2021-03-01 05:29:04",64350.405,519,reversal,94140.03,"2021-03-01 05:29:07","2021-03-01 05:29:07"
3,ana53@example.org,1973-02-07,"2021-03-01 05:29:04",64350.405,521,debit,18127.956,"2021-03-01 05:29:07","2021-03-01 05:29:07"
3,ana53@example.org,1973-02-07,"2021-03-01 05:29:04",64350.405,523,debit,6231.218,"2021-03-01 05:29:07","2021-03-01 05:29:07"
3,ana53@example.org,1973-02-07,"2021-03-01 05:29:04",64350.405,529,credit,72024.88,"2021-03-01 05:29:07","2021-03-01 05:29:07"
3,ana53@example.org,1973-02-07,"2021-03-01 05:29:04",64350.405,531,debit,48514.441,"2021-03-01 05:29:07","2021-03-01 05:29:07"
3,ana53@example.org,1973-02-07,"2021-03-01 05:29:04",64350.405,532,credit,77799.549,"2021-03-01 05:29:07","2021-03-01 05:29:07"
3,ana53@example.org,1973-02-07,"2021-03-01 05:29:04",64350.405,536,reversal,25503.297,"2021-03-01 05:29:07","2021-03-01 05:29:07"
3,ana53@example.org,1973-02-07,"2021-03-01 05:29:04",64350.405,539,debit,35535.648,"2021-03-01 05:29:07","2021-03-01 05:29:07"
3,ana53@example.org,1973-02-07,"2021-03-01 05:29:04",64350.405,540,credit,36112.69,"2021-03-01 05:29:07","2021-03-01 05:29:07"
3,ana53@example.org,1973-02-07,"2021-03-01 05:29:04",64350.405,541,reversal,50699.056,"2021-03-01 05:29:07","2021-03-01 05:29:07"
3,ana53@example.org,1973-02-07,"2021-03-01 05:29:04",64350.405,547,credit,43349.479,"2021-03-01 05:29:07","2021-03-01 05:29:07"
3,ana53@example.org,1973-02-07,"2021-03-01 05:29:04",64350.405,552,credit,67189.191,"2021-03-01 05:29:07","2021-03-01 05:29:07"
3,ana53@example.org,1973-02-07,"2021-03-01 05:29:04",64350.405,553,debit,87825.434,"2021-03-01 05:29:07","2021-03-01 05:29:07"
3,ana53@example.org,1973-02-07,"2021-03-01 05:29:04",64350.405,558,reversal,61017.648,"2021-03-01 05:29:07","2021-03-01 05:29:07"
3,ana53@example.org,1973-02-07,"2021-03-01 05:29:04",64350.405,560,credit,50456.61,"2021-03-01 05:29:07","2021-03-01 05:29:07"
3,ana53@example.org,1973-02-07,"2021-03-01 05:29:04",64350.405,561,debit,55510.255,"2021-03-01 05:29:07","2021-03-01 05:29:07"
3,ana53@example.org,1973-02-07,"2021-03-01 05:29:04",64350.405,569,credit,92628.285,"2021-03-01 05:29:07","2021-03-01 05:29:07"
3,ana53@example.org,1973-02-07,"2021-03-01 05:29:04",64350.405,572,reversal,56287.104,"2021-03-01 05:29:07","2021-03-01 05:29:07"
3,ana53@example.org,1973-02-07,"2021-03-01 05:29:04",64350.405,573,credit,93078.337,"2021-03-01 05:29:07","2021-03-01 05:29:07"
3,ana53@example.org,1973-02-07,"2021-03-01 05:29:04",64350.405,575,credit,53320.189,"2021-03-01 05:29:07","2021-03-01 05:29:07"
3,ana53@example.org,1973-02-07,"2021-03-01 05:29:04",64350.405,578,reversal,80223.78,"2021-03-01 05:29:07","2021-03-01 05:29:07"
3,ana53@example.org,1973-02-07,"2021-03-01 05:29:04",64350.405,579,credit,48956.303,"2021-03-01 05:29:07","2021-03-01 05:29:07"
3,ana53@example.org,1973-02-07,"2021-03-01 05:29:04",64350.405,580,reversal,68572.072,"2021-03-01 05:29:07","2021-03-01 05:29:07"
3,ana53@example.org,1973-02-07,"2021-03-01 05:29:04",64350.405,583,debit,11917.758,"2021-03-01 05:29:07","2021-03-01 05:29:07"
3,ana53@example.org,1973-02-07,"2021-03-01 05:29:04",64350.405,584,debit,89724.346,"2021-03-01 05:29:07","2021-03-01 05:29:07"
3,ana53@example.org,1973-02-07,"2021-03-01 05:29:04",64350.405,586,credit,93829.924,"2021-03-01 05:29:07","2021-03-01 05:29:07"
3,ana53@example.org,1973-02-07,"2021-03-01 05:29:04",64350.405,587,credit,60962.783,"2021-03-01 05:29:07","2021-03-01 05:29:07"
3,ana53@example.org,1973-02-07,"2021-03-01 05:29:04",64350.405,588,credit,59451.335,"2021-03-01 05:29:07","2021-03-01 05:29:07"
3,ana53@example.org,1973-02-07,"2021-03-01 05:29:04",64350.405,592,credit,9084.242,"2021-03-01 05:29:07","2021-03-01 05:29:07"
3,ana53@example.org,1973-02-07,"2021-03-01 05:29:04",64350.405,595,reversal,92860.697,"2021-03-01 05:29:07","2021-03-01 05:29:07"
